administrative_code,name,official_name,admin_area,city_level,geonames_id,feature_code,population,longitude,latitude
3193561,Pazin,Pazin,伊斯特拉县,county_capital,3193561,PPLA,3981,13.939450,45.239170
3203090,Buje,Buje-Buie,伊斯特拉县,official_city,3203090,PPLA2,2087,13.661940,45.410000
3202942,Buzet,Buzet,伊斯特拉县,official_city,3202942,PPLA2,2339,13.966670,45.409440
3196834,Labin,Labin,伊斯特拉县,official_city,3196834,PPLA2,5806,14.119720,45.095000
3194379,Novigrad,Novigrad-Cittanova,伊斯特拉县,official_city,3194379,PPLA2,2292,13.558060,45.315000
3192699,Poreč,Poreč-Parenzo,伊斯特拉县,official_city,3192699,PPLA2,8841,13.595110,45.225670
3192224,Pula,Pula-Pola,伊斯特拉县,official_city,3192224,PPLA2,52220,13.848060,44.868330
3191518,Rovinj,Rovinj-Rovigno,伊斯特拉县,official_city,3191518,PPLA2,11629,13.634570,45.082680
3188498,Umag,Umag-Umago,伊斯特拉县,official_city,3188498,PPLA2,6751,13.523890,45.431390
3187477,Vodnjan,Vodnjan-Dignano,伊斯特拉县,official_city,3187477,PPLA2,3133,13.851670,44.959440
3197369,Krapina,Krapina,克拉皮纳-扎戈列县,county_capital,3197369,PPLA,4201,15.873700,46.160760
3201621,Donja Stubica,Donja Stubica,克拉皮纳-扎戈列县,official_city,3201621,PPLA2,2121,15.966670,45.983330
3198103,Klanjec,Klanjec,克拉皮纳-扎戈列县,official_city,3198103,PPLA2,506,15.744180,46.049820
3193962,Oroslavje,Oroslavje,克拉皮纳-扎戈列县,official_city,3193962,PPLA2,3253,15.915070,45.996720
3192545,Pregrada,Pregrada,克拉皮纳-扎戈列县,official_city,3192545,PPLA2,1870,15.750830,46.164170
3186984,Zabok,Zabok,克拉皮纳-扎戈列县,official_city,3186984,PPLA2,3408,15.903910,46.026260
3186406,Zlatar,Zlatar,克拉皮纳-扎戈列县,official_city,3186406,PPLA2,2825,16.070830,46.094170
3199873,Gospić,Gospić,利卡-塞尼县,county_capital,3199873,PPLA,6362,15.374720,44.546110
3194422,Novalja,Novalja,利卡-塞尼县,official_city,3194422,PPLA2,2415,14.886670,44.557780
3193788,Otočac,Otočac,利卡-塞尼县,official_city,3193788,PPLA2,3852,15.237500,44.869440
3191055,Senj,Senj,利卡-塞尼县,official_city,3191055,PPLA2,4164,14.905830,44.989440
3345300,Karlovac,Karlovac,卡尔洛瓦茨县,county_capital,3345300,PPLA,41869,15.550000,45.491670
3201030,Duga Resa,Duga Resa,卡尔洛瓦茨县,official_city,3201030,PPLA2,5380,15.498710,45.446140
3194183,Ogulin,Ogulin,卡尔洛瓦茨县,official_city,3194183,PPLA2,7374,15.228610,45.266110
3193754,Ozalj,Ozalj,卡尔洛瓦茨县,official_city,3193754,PPLA2,1053,15.477710,45.612930
3190523,Slunj,Slunj,卡尔洛瓦茨县,official_city,3190523,PPLA2,1576,15.584300,45.114560
3193935,Osijek,Osijek,奥西耶克-巴拉尼亚县,county_capital,3193935,PPLA,75535,18.694200,45.550660
3204320,Beli Manastir,Beli Manastir,奥西耶克-巴拉尼亚县,official_city,3204320,PPLA2,6327,18.603610,45.770000
3204317,Belišće,Belišće,奥西耶克-巴拉尼亚县,official_city,3204317,PPLA2,5354,18.405830,45.680280
3201432,Donji Miholjac,Donji Miholjac,奥西耶克-巴拉尼亚县,official_city,3201432,PPLA2,5330,18.167220,45.760830
3194581,Našice,Našice,奥西耶克-巴拉尼亚县,official_city,3194581,PPLA2,7307,18.087780,45.488610
3188395,Valpovo,Valpovo,奥西耶克-巴拉尼亚县,official_city,3188395,PPLA2,6332,18.418610,45.660830
3202220,Đakovo,Đakovo,奥西耶克-巴拉尼亚县,official_city,3202220,PPLA2,16875,18.410560,45.308330
3190586,Slavonski Brod,Slavonski Brod,布罗德-波萨维纳县,county_capital,3190586,PPLA,45005,18.016300,45.161580
3194449,Nova Gradiška,Nova Gradiška,布罗德-波萨维纳县,official_city,3194449,PPLA2,9820,17.383060,45.255000
3190941,Šibenik,Šibenik,希贝尼克-克宁县,county_capital,3190941,PPLA,31115,15.894200,43.734290
3201162,Drniš,Drniš,希贝尼克-克宁县,official_city,3201162,PPLA2,2752,16.155560,43.862500
3197986,Knin,Knin,希贝尼克-克宁县,official_city,3197986,PPLA2,8262,16.196620,44.040630
3190692,Skradin,Skradin,希贝尼克-克宁县,official_city,3190692,PPLA2,508,15.923610,43.820280
3187489,Vodice,Vodice,希贝尼克-克宁县,official_city,3187489,PPLA2,6592,15.782780,43.760830
3186952,Zadar,Zadar,扎达尔县,county_capital,3186952,PPLA,67309,15.225140,44.115780
3204293,Benkovac,Benkovac,扎达尔县,official_city,3204293,PPLA2,2484,15.612780,44.034440
3204121,Biograd na Moru,Biograd na Moru,扎达尔县,official_city,3204121,PPLA2,5601,15.451940,43.943330
3216446,Nin,Nin,扎达尔县,official_city,3216446,PPLA2,1101,15.178330,44.241390
3194245,Obrovac,Obrovac,扎达尔县,official_city,3194245,PPLA2,793,15.682220,44.200560
3193726,Pag,Pag,扎达尔县,official_city,3193726,PPLA2,2322,15.057500,44.445000
3190261,Split,Split,斯普利特-达尔马提亚县,county_capital,3190261,PPLA,149830,16.439150,43.508910
3199180,Hvar,Hvar,斯普利特-达尔马提亚县,official_city,3199180,PPLA2,3519,16.442780,43.172500
3199111,Imotski,Imotski,斯普利特-达尔马提亚县,official_city,3199111,PPLA2,4008,17.216670,43.446670
3198210,Kaštel Sućurac,Kaštela,斯普利特-达尔马提亚县,official_city,3198210,PPLA2,6544,16.426390,43.550280
3197834,Komiža,Komiža,斯普利特-达尔马提亚县,official_city,3197834,PPLA2,1261,16.093060,43.043060
3195890,Makarska,Makarska,斯普利特-达尔马提亚县,official_city,3195890,PPLA2,12809,17.017780,43.296940
3194114,Omiš,Omiš,斯普利特-达尔马提亚县,official_city,3194114,PPLA2,5985,16.688610,43.444720
3190865,Sinj,Sinj,斯普利特-达尔马提亚县,official_city,3190865,PPLA2,10771,16.639440,43.703610
3190359,Solin,Solin,斯普利特-达尔马提亚县,official_city,3190359,PPLA2,20996,16.493140,43.543200
3189965,Stari Grad,Stari Grad,斯普利特-达尔马提亚县,official_city,3189965,PPLA2,1921,16.597840,43.183870
3189492,Supetar,Supetar,斯普利特-达尔马提亚县,official_city,3189492,PPLA2,3415,16.550830,43.384170
3188830,Trilj,Trilj,斯普利特-达尔马提亚县,official_city,3188830,PPLA2,1906,16.724170,43.618330
3188763,Trogir,Trogir,斯普利特-达尔马提亚县,official_city,3188763,PPLA2,10107,16.251670,43.512500
3187685,Vis,Vis,斯普利特-达尔马提亚县,official_city,3187685,PPLA2,1582,16.183060,43.061940
3187230,Vrgorac,Vrgorac,斯普利特-达尔马提亚县,official_city,3187230,PPLA2,2132,17.371110,43.205830
3187169,Vrlika,Vrlika,斯普利特-达尔马提亚县,official_city,3187169,PPLA2,718,16.398300,43.908280
3201047,Dubrovnik,Dubrovnik,杜布罗夫尼克-内雷特瓦县,county_capital,3201047,PPLA,26922,18.109090,42.641250
3197710,Korčula,Korčula,杜布罗夫尼克-内雷特瓦县,official_city,3197710,PPLA2,2659,17.135250,42.960380
3195222,Metković,Metković,杜布罗夫尼克-内雷特瓦县,official_city,3195222,PPLA2,13971,17.648330,43.054170
3194075,Opuzen,Opuzen,杜布罗夫尼克-内雷特瓦县,official_city,3194075,PPLA2,2355,17.565560,43.015280
3193150,Ploče,Ploče,杜布罗夫尼克-内雷特瓦县,official_city,3193150,PPLA2,4711,17.432780,43.056110
3202888,Čakovec,Čakovec,梅吉穆列县,county_capital,3202888,PPLA,15078,16.433890,46.384440
3194626,Mursko Središće,Mursko Središće,梅吉穆列县,official_city,3194626,PPLA2,3321,16.439380,46.512100
3192532,Prelog,Prelog,梅吉穆列县,official_city,3192532,PPLA2,4042,16.615560,46.335000
3187047,Vukovar,Vukovar,武科瓦尔-斯里耶姆县,county_capital,3187047,PPLA,22255,19.002250,45.351610
3199128,Ilok,Ilok,武科瓦尔-斯里耶姆县,official_city,3199128,PPLA2,3842,19.376940,45.222220
3193781,Otok,Otok,武科瓦尔-斯里耶姆县,official_city,3193781,PPLA2,3571,18.883890,45.146670
3187719,Vinkovci,Vinkovci,武科瓦尔-斯里耶姆县,official_city,3187719,PPLA2,28111,18.804720,45.288330
3186294,Županja,Županja,武科瓦尔-斯里耶姆县,official_city,3186294,PPLA2,9153,18.697500,45.077500
3203982,Bjelovar,Bjelovar,比耶洛瓦尔-比洛戈拉县,county_capital,3203982,PPLA,24392,16.850710,45.897890
3202184,Daruvar,Daruvar,比耶洛瓦尔-比洛戈拉县,official_city,3202184,PPLA2,7440,17.225000,45.590560
3200711,Garešnica,Garešnica,比耶洛瓦尔-比洛戈拉县,official_city,3200711,PPLA2,3294,16.941390,45.574440
3199515,Grubišno Polje,Grubišno Polje,比耶洛瓦尔-比洛戈拉县,official_city,3199515,PPLA2,2588,17.172680,45.702140
3202820,Čazma,Čazma,比耶洛瓦尔-比洛戈拉县,official_city,3202820,PPLA2,2417,16.613900,45.748180
3190589,Požega,Požega,波热加-斯拉沃尼亚县,county_capital,3190589,PPLA,16867,17.685280,45.340280
3196855,Kutjevo,Kutjevo,波热加-斯拉沃尼亚县,official_city,3196855,PPLA2,1941,17.882500,45.426110
3196534,Lipik,Lipik,波热加-斯拉沃尼亚县,official_city,3196534,PPLA2,1967,17.152220,45.411390
3193706,Pakrac,Pakrac,波热加-斯拉沃尼亚县,official_city,3193706,PPLA2,4151,17.188890,45.436390
3193187,Pleternica,Pleternica,波热加-斯拉沃尼亚县,official_city,3193187,PPLA2,2895,17.806390,45.288610
3191648,Rijeka,Rijeka,滨海和山区县,county_capital,3191648,PPLA,107964,14.442410,45.326730
3204612,Bakar,Bakar,滨海和山区县,official_city,3204612,PPLA2,1187,14.530280,45.308610
3202523,Cres,Cres,滨海和山区县,official_city,3202523,PPLA2,2185,14.412460,44.960920
3202507,Crikvenica,Crikvenica,滨海和山区县,official_city,3202507,PPLA2,6239,14.692780,45.177220
3202104,Delnice,Delnice,滨海和山区县,official_city,3202104,PPLA2,3861,14.799720,45.400830
3198227,Kastav,Kastav,滨海和山区县,official_city,3198227,PPLA2,10202,14.348610,45.375280
3197390,Kraljevica,Kraljevica,滨海和山区县,official_city,3197390,PPLA2,2415,14.568300,45.273950
3197208,Krk,Krk,滨海和山区县,official_city,3197208,PPLA2,3935,14.575420,45.027440
3195674,Mali Lošinj,Mali Lošinj,滨海和山区县,official_city,3195674,PPLA2,5561,14.468610,44.530560
3194355,Novi Vinodolski,Novi Vinodolski,滨海和山区县,official_city,3194355,PPLA2,3336,14.788890,45.128060
3194099,Opatija,Opatija,滨海和山区县,official_city,3194099,PPLA2,5701,14.307820,45.336580
3192178,Rab,Rab,滨海和山区县,official_city,3192178,PPLA2,364,14.760830,44.756940
3187257,Vrbovsko,Vrbovsko,滨海和山区县,official_city,3187257,PPLA2,1257,15.078330,45.368610
3202932,Čabar,Čabar,滨海和山区县,official_city,3202932,PPLA2,325,14.646320,45.595720
3188383,Varaždin,Varaždin,瓦拉日丁县,county_capital,3188383,PPLA,36187,16.337780,46.304440
3199076,Ivanec,Ivanec,瓦拉日丁县,official_city,3199076,PPLA2,4997,16.120000,46.223060
3196657,Lepoglava,Lepoglava,瓦拉日丁县,official_city,3196657,PPLA2,3400,16.035560,46.210560
3196120,Ludbreg,Ludbreg,瓦拉日丁县,official_city,3196120,PPLA2,3463,16.614720,46.251940
3194367,Novi Marof,Novi Marof,瓦拉日丁县,official_city,3194367,PPLA2,1810,16.330280,46.161940
3188380,Varaždinske Toplice,Varaždinske Toplice,瓦拉日丁县,official_city,3188380,PPLA2,1606,16.419170,46.209170
3197728,Koprivnica,Koprivnica,科普里夫尼察-克里热夫齐县,county_capital,3197728,PPLA,22262,16.829700,46.163640
3197230,Križevci,Križevci,科普里夫尼察-克里热夫齐县,official_city,3197230,PPLA2,10522,16.542500,46.021940
3200961,Đurđevac,Đurđevac,科普里夫尼察-克里热夫齐县,official_city,3200961,PPLA2,5834,17.069720,46.041110
3187694,Virovitica,Virovitica,维罗维蒂察-波德拉维纳县,county_capital,3187694,PPLA,13486,17.385550,45.834480
3194064,Orahovica,Orahovica,维罗维蒂察-波德拉维纳县,official_city,3194064,PPLA2,3384,17.879770,45.529540
3192932,Slatina,Slatina,维罗维蒂察-波德拉维纳县,official_city,3192932,PPLA2,8722,17.702780,45.703330
3201009,Dugo Selo,Dugo Selo,萨格勒布县,official_city,3201009,PPLA2,11097,16.244440,45.806110
3199069,Ivanić-Grad,Ivanić-Grad,萨格勒布县,official_city,3199069,PPLA2,8452,16.396940,45.708330
3198799,Jastrebarsko,Jastrebarsko,萨格勒布县,official_city,3198799,PPLA2,5312,15.648610,45.668330
3191316,Samobor,Samobor,萨格勒布县,official_city,3191316,PPLA2,16911,15.718060,45.803060
3189386,Sveta Nedjelja,Sveta Nedelja,萨格勒布县,official_city,3189386,PPLA2,1363,15.780560,45.798330
3186604,Sveti Ivan Zelina,Sveti Ivan Zelina,萨格勒布县,official_city,3186604,PPLA2,2583,16.243270,45.959850
3188244,Velika Gorica,Velika Gorica,萨格勒布县,official_city,3188244,PPLA2,30036,16.075560,45.712500
3187265,Vrbovec,Vrbovec,萨格勒布县,official_city,3187265,PPLA2,4551,16.421670,45.883330
3186781,Zaprešić,Zaprešić,萨格勒布县,official_city,3186781,PPLA2,18768,15.807780,45.856390
3186886,Zagreb,Zagreb,萨格勒布市,country_capital,3186886,PPLC,663592,15.977980,45.814440
3190813,Sisak,Sisak,锡萨克-莫斯拉维纳县,county_capital,3190813,PPLA,27859,16.377480,45.466080
3200600,Glina,Glina,锡萨克-莫斯拉维纳县,official_city,3200600,PPLA2,4028,16.088060,45.338060
3197594,Hrvatska Kostajnica,Hrvatska Kostajnica,锡萨克-莫斯拉维纳县,official_city,3197594,PPLA2,1439,16.539170,45.231670
3196864,Kutina,Kutina,锡萨克-莫斯拉维纳县,official_city,3196864,PPLA2,12012,16.781940,45.475000
3194319,Novska,Novska,锡萨克-莫斯拉维纳县,official_city,3194319,PPLA2,5922,16.976940,45.340560
3193420,Petrinja,Petrinja,锡萨克-莫斯拉维纳县,official_city,3193420,PPLA2,12963,16.290000,45.437500
3192724,Popovača,Popovača,锡萨克-莫斯拉维纳县,official_city,3192724,PPLA2,3633,16.625000,45.569720
