country_code,city,geonames_id,map_id,status,page_path,last_reviewed,reason,search_query,source_urls
KR,首尔市,1835848,south-korea-11000,researched,destinations/韩国/直辖城市/首尔市.md,2026-09-06,城市成稿、身份和来源完成核查。,,https://english.visitseoul.net/attractions/Gyeongbokgung%20Palace/ENP000072;https://english.visitseoul.net/attractions/Changdeokgung-Palace/ENP000295;https://english.seoul.go.kr/wp-content/themes/seoul-e/assets/images/hanok/img/hanok-map-2-eng.pdf;https://www.museum.go.kr/ENG/contents/E0101000000.do;https://english.visitkorea.or.kr/svc/contents/contentsView.do?vcontsId=223055
KR,釜山市,1838524,south-korea-21000,researched,destinations/韩国/直辖城市/釜山市.md,2026-09-06,城市成稿、身份和来源完成核查。,,https://english.visitkorea.or.kr/svc/whereToGo/locIntrdn/rgnContentsView.do?vcontsId=72894;https://www.visitbusan.net/en/index.do?lang_cd=en&menuCd=DOM_000000303011001000&uc_seq=377;https://english.visitkorea.or.kr/svc/contents/contentsView.do?vcontsId=248645;https://www.visitbusan.net/index.do?lang_cd=en&menuCd=DOM_000000301002002001&uc_seq=1540;https://english.visitkorea.or.kr/svc/sp/HallyuNew/contentsView.do?dataSetId=76&vcontsId=227729
KR,大邱市,1835329,south-korea-22000,researched,destinations/韩国/直辖城市/大邱市.md,2026-09-06,城市成稿、身份和来源完成核查。,,https://tour.daegu.go.kr/eng/index.do?menu_id=00000050;https://korean.visitkorea.or.kr/detail/rem_detail.do?cotid=33f76e2c-d70e-4ea0-8857-d8be7dc56147;https://k-mice.visitkorea.or.kr/mice/upload/eng/help/tools/pdf/daegu.pdf
KR,仁川市,1843564,south-korea-23000,researched,destinations/韩国/直辖城市/仁川市.md,2026-09-06,城市成稿、身份和来源完成核查。,,https://english.visitkorea.or.kr/svc/contents/contentsView.do?menuSn=351&vcontsId=69156;https://english.visitkorea.or.kr/svc/contents/contentsView.do?vcontsId=105442;https://english.visitkorea.or.kr/svc/contents/contentsView.do?dataSetId=234&menuSn=977&vcontsId=174438;https://english.visitkorea.or.kr/svc/contents/contentsView.do?vcontsId=227856;https://english.visitkorea.or.kr/svc/contents/rmsCsulView.do?menuSn=958&vcontsId=219616
KR,光州市,1841811,south-korea-jngj,researched,destinations/韩国/直辖城市/光州市.md,2026-09-06,城市成稿、身份和来源完成核查。,,https://www.gwangju.go.kr/eng/contentsView.do?pageId=eng21;https://english.visitkorea.or.kr/svc/contents/contentsView.do?vcontsId=193806;https://english.visitkorea.or.kr/svc/contents/contentsView.do?menuSn=607&vcontsId=228603;https://english.visitkorea.or.kr/public/assets/TraditionalMarkets/others/K_Tourism_Market_Top10_eng.pdf
KR,大田市,1835235,south-korea-25000,researched,destinations/韩国/直辖城市/大田市.md,2026-09-06,城市成稿、身份和来源完成核查。,,https://english.visitkorea.or.kr/svc/contents/contentsView.do?vcontsId=248216;https://english.visitkorea.or.kr/svc/contents/contentsView.do?menuSn=351&vcontsId=82059;https://english.visitkorea.or.kr/svc/contents/contentsView.do?vcontsId=111269;https://english.visitkorea.or.kr/svc/contents/contentsView.do?vcontsId=221280
KR,蔚山市,1833747,south-korea-26000,researched,destinations/韩国/直辖城市/蔚山市.md,2026-09-06,城市成稿、身份和来源完成核查。,,https://tour.ulsan.go.kr/tour/eng/contents.ulsan?mId=001006000000000000;https://english.visitkorea.or.kr/svc/contents/contentsView.do?vcontsId=191206;https://whc.unesco.org/en/list/1740/;https://english.visitkorea.or.kr/svc/contents/contentsView.do?vcontsId=191200;https://english.visitkorea.or.kr/public/assets/TraditionalMarkets/others/K_Tourism_Market_Top10_eng.pdf
KR,世宗市,11523293,south-korea-29000,researched,destinations/韩国/直辖城市/世宗市.md,2026-09-06,城市成稿、身份和来源完成核查。,,https://english.visitkorea.or.kr/svc/whereToGo/hdrdslt/hdrdsltView.do?crsSn=210;https://english.visitkorea.or.kr/svc/contents/contentsView.do?vcontsId=219508;https://english.visitkorea.or.kr/svc/contents/contentsView.do?vcontsId=34237;https://english.visitkorea.or.kr/svc/contents/infoHtmlView.do?vcontsId=193810
KR,水原市,1835551,south-korea-31010,researched,destinations/韩国/京畿道/水原市.md,2026-09-06,城市成稿、身份和来源完成核查。,,https://english.visitkorea.or.kr/svc/contents/contentsView.do?vcontsId=94415;https://english.visitkorea.or.kr/svc/whereToGo/hdrdslt/hdrdsltView.do?crsSn=550044;https://english.visitkorea.or.kr/svc/contents/contentsView.do?menuSn=958&vcontsId=218941
KR,城南市,1836091,south-korea-31020,researched,destinations/韩国/京畿道/城南市.md,2026-09-06,城市成稿、身份和来源完成核查。,,https://english.visitkorea.or.kr/svc/contents/contentsView.do?vcontsId=86479;https://english.visitkorea.or.kr/svc/contents/infoHtmlView.do?vcontsId=138536;https://english.visitkorea.or.kr/svc/whereToGo/locIntrdn/rgnContentsView.do?vcontsId=1580768
KR,议政府市,1833787,south-korea-31030,researched,destinations/韩国/京畿道/议政府市.md,2026-09-06,城市成稿、身份和来源完成核查。,,https://english.visitkorea.or.kr/svc/whereToGo/hdrdslt/hdrdsltView.do?crsSn=289743;https://english.visitkorea.or.kr/svc/contents/contentsView.do?vcontsId=183625
KR,安养市,1846894,south-korea-31040,researched,destinations/韩国/京畿道/安养市.md,2026-09-06,城市成稿、身份和来源完成核查。,,https://english.visitkorea.or.kr/svc/contents/contentsView.do?vcontsId=94328;https://english.visitkorea.or.kr/svc/contents/contentsView.do?vcontsId=194523
KR,富川市,1838715,south-korea-31050,researched,destinations/韩国/京畿道/富川市.md,2026-09-06,城市成稿、身份和来源完成核查。,,https://english.visitkorea.or.kr/svc/contents/contentsView.do?vcontsId=215510;https://english.visitkorea.or.kr/svc/contents/contentsView.do?vcontsId=78270;https://english.visitkorea.or.kr/svc/contents/contentsView.do?vcontsId=81498
KR,光明市,8393794,south-korea-31060,researched,destinations/韩国/京畿道/光明市.md,2026-09-06,城市成稿、身份和来源完成核查。,,https://english.visitkorea.or.kr/svc/contents/contentsView.do?vcontsId=72952;https://english.visitkorea.or.kr/svc/contents/contentsView.do?vcontsId=93641;https://english.visitkorea.or.kr/svc/contents/contentsView.do?vcontsId=75869
KR,平泽市,1838341,south-korea-31070,researched,destinations/韩国/京畿道/平泽市.md,2026-09-06,城市成稿、身份和来源完成核查。,,https://english.visitkorea.or.kr/svc/contents/contentsView.do?vcontsId=94162;https://english.visitkorea.or.kr/svc/contents/contentsView.do?vcontsId=194372
KR,东豆川市,1834308,south-korea-31080,researched,destinations/韩国/京畿道/东豆川市.md,2026-09-06,城市成稿、身份和来源完成核查。,,https://english.visitkorea.or.kr/svc/contents/contentsView.do?vcontsId=94416;https://english.visitkorea.or.kr/svc/contents/contentsView.do?vcontsId=74278
KR,安山市,8393792,south-korea-31090,researched,destinations/韩国/京畿道/安山市.md,2026-09-06,城市成稿、身份和来源完成核查。,,https://english.visitkorea.or.kr/svc/contents/contentsView.do?vcontsId=81517;https://english.visitkorea.or.kr/svc/contents/infoHtmlView.do?vcontsId=219541
KR,高阳市,1842486,south-korea-31100,researched,destinations/韩国/京畿道/高阳市.md,2026-09-06,城市成稿、身份和来源完成核查。,,https://english.visitkorea.or.kr/svc/contents/contentsView.do?vcontsId=75425;https://english.visitkorea.or.kr/svc/contents/contentsView.do?vcontsId=93702;https://english.visitkorea.or.kr/svc/contents/contentsView.do?vcontsId=94927
KR,果川市,8393798,south-korea-31110,researched,destinations/韩国/京畿道/果川市.md,2026-09-06,城市成稿、身份和来源完成核查。,,https://english.visitkorea.or.kr/svc/contents/contentsView.do?vcontsId=111436;https://english.visitkorea.or.kr/svc/contents/contentsView.do?vcontsId=110760
KR,九里市,8393803,south-korea-31120,researched,destinations/韩国/京畿道/九里市.md,2026-09-06,城市成稿、身份和来源完成核查。,,https://english.visitkorea.or.kr/svc/contents/contentsView.do?vcontsId=111004;https://english.visitkorea.or.kr/svc/contents/contentsView.do?vcontsId=93617
KR,南杨州市,1840374,south-korea-31130,researched,destinations/韩国/京畿道/南杨州市.md,2026-09-06,城市成稿、身份和来源完成核查。,,https://english.visitkorea.or.kr/svc/contents/contentsView.do?vcontsId=88041;https://english.visitkorea.or.kr/svc/contents/contentsView.do?vcontsId=215628
KR,乌山市,8393795,south-korea-31140,researched,destinations/韩国/京畿道/乌山市.md,2026-09-06,城市成稿、身份和来源完成核查。,,https://english.visitkorea.or.kr/svc/contents/contentsView.do?vcontsId=93757;https://english.visitkorea.or.kr/svc/contents/contentsView.do?vcontsId=216388
KR,始兴市,1837364,south-korea-31150,researched,destinations/韩国/京畿道/始兴市.md,2026-09-06,城市成稿、身份和来源完成核查。,,https://english.visitkorea.or.kr/svc/contents/contentsView.do?vcontsId=67021;https://english.visitkorea.or.kr/svc/contents/contentsView.do?vcontsId=227104
KR,军浦市,8393793,south-korea-31160,researched,destinations/韩国/京畿道/军浦市.md,2026-09-06,城市成稿、身份和来源完成核查。,,https://english.visitkorea.or.kr/svc/contents/contentsView.do?vcontsId=223255;https://english.visitkorea.or.kr/svc/contents/contentsView.do?vcontsId=93612
KR,义王市,8393796,south-korea-31170,researched,destinations/韩国/京畿道/义王市.md,2026-09-06,城市成稿、身份和来源完成核查。,,https://english.visitkorea.or.kr/svc/contents/contentsView.do?vcontsId=87462;https://english.visitkorea.or.kr/svc/contents/contentsView.do?vcontsId=176002
KR,河南市,8393790,south-korea-31180,researched,destinations/韩国/京畿道/河南市.md,2026-09-06,城市成稿、身份和来源完成核查。,,https://english.visitkorea.or.kr/svc/contents/contentsView.do?vcontsId=81492;https://english.visitkorea.or.kr/svc/contents/contentsView.do?vcontsId=67577
KR,龙仁市,1832426,south-korea-31190,researched,destinations/韩国/京畿道/龙仁市.md,2026-09-06,城市成稿、身份和来源完成核查。,,https://english.visitkorea.or.kr/svc/contents/contentsView.do?vcontsId=148063;https://english.visitkorea.or.kr/svc/contents/contentsView.do?vcontsId=111430;https://english.visitkorea.or.kr/svc/contents/contentsView.do?vcontsId=111173
KR,坡州市,1839430,south-korea-31200,researched,destinations/韩国/京畿道/坡州市.md,2026-09-06,城市成稿、身份和来源完成核查。,,https://english.visitkorea.or.kr/svc/contents/contentsView.do?vcontsId=89943;https://english.visitkorea.or.kr/svc/contents/contentsView.do?vcontsId=104721
KR,利川市,1843700,south-korea-31210,researched,destinations/韩国/京畿道/利川市.md,2026-09-06,城市成稿、身份和来源完成核查。,,https://english.visitkorea.or.kr/svc/contents/contentsView.do?vcontsId=187305;https://english.visitkorea.or.kr/svc/contents/contentsView.do?vcontsId=78910
KR,安城市,1846909,south-korea-31220,researched,destinations/韩国/京畿道/安城市.md,2026-09-06,城市成稿、身份和来源完成核查。,,https://english.visitkorea.or.kr/svc/whereToGo/hdrdslt/hdrdsltView.do?crsSn=290338;https://english.visitkorea.or.kr/svc/contents/contentsView.do?vcontsId=186861
KR,金浦市,1842170,south-korea-31230,researched,destinations/韩国/京畿道/金浦市.md,2026-09-06,城市成稿、身份和来源完成核查。,,https://english.visitkorea.or.kr/svc/contents/contentsView.do?vcontsId=112651;https://english.visitkorea.or.kr/svc/whereToGo/hdrdslt/hdrdsltView.do?crsSn=182
KR,华城市,8604734,south-korea-31240,researched,destinations/韩国/京畿道/华城市.md,2026-09-06,城市成稿、身份和来源完成核查。,,https://english.visitkorea.or.kr/svc/contents/contentsView.do?vcontsId=94979;https://english.visitkorea.or.kr/svc/contents/contentsView.do?vcontsId=94108
KR,广州市,1841809,south-korea-31250,researched,destinations/韩国/京畿道/广州市.md,2026-09-06,城市成稿、身份和来源完成核查。,,https://english.visitkorea.or.kr/svc/contents/contentsView.do?vcontsId=110830;https://english.visitkorea.or.kr/svc/contents/contentsView.do?vcontsId=93635
KR,杨州市,8393804,south-korea-31260,researched,destinations/韩国/京畿道/杨州市.md,2026-09-06,城市成稿、身份和来源完成核查。,,https://english.visitkorea.or.kr/svc/contents/contentsView.do?vcontsId=188845;https://english.visitkorea.or.kr/svc/contents/contentsView.do?vcontsId=80577
KR,抱川市,1839102,south-korea-31270,researched,destinations/韩国/京畿道/抱川市.md,2026-09-06,城市成稿、身份和来源完成核查。,,https://english.visitkorea.or.kr/svc/contents/contentsView.do?vcontsId=66111;https://english.visitkorea.or.kr/svc/contents/contentsView.do?vcontsId=90691
KR,骊州市,1832742,south-korea-31280,researched,destinations/韩国/京畿道/骊州市.md,2026-09-06,城市成稿、身份和来源完成核查。,,https://english.visitkorea.or.kr/svc/contents/contentsView.do?vcontsId=102284;https://english.visitkorea.or.kr/svc/whereToGo/hdrdslt/hdrdsltView.do?crsSn=396228
KR,春川市,1845134,south-korea-32010,researched,destinations/韩国/江原特别自治道/春川市.md,2026-09-06,城市成稿、身份和来源完成核查。,,https://english.visitkorea.or.kr/svc/contents/contentsView.do?vcontsId=112537;https://english.visitkorea.or.kr/svc/contents/contentsView.do?vcontsId=72314;https://english.visitkorea.or.kr/svc/contents/contentsView.do?vcontsId=221263
KR,原州市,1833099,south-korea-32020,researched,destinations/韩国/江原特别自治道/原州市.md,2026-09-06,城市成稿、身份和来源完成核查。,,https://english.visitkorea.or.kr/svc/contents/contentsView.do?vcontsId=45438;https://english.visitkorea.or.kr/svc/whereToGo/hdrdslt/hdrdsltView.do?crsSn=192
KR,江陵市,1843136,south-korea-32030,researched,destinations/韩国/江原特别自治道/江陵市.md,2026-09-06,城市成稿、身份和来源完成核查。,,https://english.visitkorea.or.kr/svc/contents/contentsView.do?vcontsId=224461;https://english.visitkorea.or.kr/svc/whereToGo/hdrdslt/hdrdsltView.do?crsSn=270;https://english.visitkorea.or.kr/svc/whereToGo/hdrdslt/hdrdsltView.do?crsSn=30419
KR,东海市,1834262,south-korea-32040,researched,destinations/韩国/江原特别自治道/东海市.md,2026-09-06,城市成稿、身份和来源完成核查。,,https://english.visitkorea.or.kr/svc/contents/contentsView.do?vcontsId=1591437;https://english.visitkorea.or.kr/svc/contents/contentsView.do?vcontsId=33631
KR,太白市,8393711,south-korea-32050,researched,destinations/韩国/江原特别自治道/太白市.md,2026-09-06,城市成稿、身份和来源完成核查。,,https://english.visitkorea.or.kr/svc/contents/contentsView.do?vcontsId=62811;https://english.visitkorea.or.kr/svc/contents/contentsView.do?vcontsId=94977
KR,束草市,1836534,south-korea-32060,researched,destinations/韩国/江原特别自治道/束草市.md,2026-09-06,城市成稿、身份和来源完成核查。,,https://english.visitkorea.or.kr/svc/whereToGo/hdrdslt/hdrdsltView.do?crsSn=485383;https://english.visitkorea.or.kr/svc/whereToGo/hdrdslt/hdrdsltView.do?crsSn=456028;https://english.visitkorea.or.kr/svc/contents/contentsView.do?vcontsId=74222
KR,三陟市,8604737,south-korea-32070,researched,destinations/韩国/江原特别自治道/三陟市.md,2026-09-06,城市成稿、身份和来源完成核查。,,https://english.visitkorea.or.kr/svc/contents/contentsView.do?vcontsId=86300;https://english.visitkorea.or.kr/svc/contents/contentsView.do?vcontsId=97248
KR,清州市,1845599,south-korea-33010,researched,destinations/韩国/忠清北道/清州市.md,2026-09-06,城市成稿、身份和来源完成核查。,,https://english.visitkorea.or.kr/svc/contents/contentsView.do?vcontsId=95354;https://english.visitkorea.or.kr/svc/contents/contentsView.do?vcontsId=251280;https://english.visitkorea.or.kr/svc/contents/contentsView.do?vcontsId=1591589;https://english.visitkorea.or.kr/svc/whereToGo/hdrdslt/hdrdsltView.do?crsSn=220
KR,忠州市,1845032,south-korea-33020,researched,destinations/韩国/忠清北道/忠州市.md,2026-09-06,城市成稿、身份和来源完成核查。,,https://english.visitkorea.or.kr/svc/contents/contentsView.do?vcontsId=85954;https://english.visitkorea.or.kr/svc/contents/contentsView.do?vcontsId=191435
KR,堤川市,1846277,south-korea-33030,researched,destinations/韩国/忠清北道/堤川市.md,2026-09-06,城市成稿、身份和来源完成核查。,,https://english.visitkorea.or.kr/svc/contents/contentsView.do?vcontsId=86195;https://english.visitkorea.or.kr/svc/contents/contentsView.do?vcontsId=184322
KR,天安市,1845757,south-korea-34010,researched,destinations/韩国/忠清南道/天安市.md,2026-09-06,城市成稿、身份和来源完成核查。,,https://english.visitkorea.or.kr/svc/contents/contentsView.do?vcontsId=106450;https://english.visitkorea.or.kr/svc/contents/contentsView.do?dataSetId=120&menuSn=648&vcontsId=217186
KR,公州市,1842615,south-korea-34020,researched,destinations/韩国/忠清南道/公州市.md,2026-09-06,城市成稿、身份和来源完成核查。,,https://english.visitkorea.or.kr/svc/contents/contentsView.do?vcontsId=110924;https://english.visitkorea.or.kr/svc/contents/contentsView.do?vcontsId=110612;https://english.visitkorea.or.kr/web_book/unesco_eng/index.html
KR,保宁市,1838749,south-korea-34030,researched,destinations/韩国/忠清南道/保宁市.md,2026-09-06,城市成稿、身份和来源完成核查。,,https://english.visitkorea.or.kr/svc/contents/contentsView.do?vcontsId=76763;https://english.visitkorea.or.kr/svc/contents/contentsView.do?vcontsId=95009
KR,牙山市,1846848,south-korea-34040,researched,destinations/韩国/忠清南道/牙山市.md,2026-09-06,城市成稿、身份和来源完成核查。,,https://english.visitkorea.or.kr/svc/contents/contentsView.do?vcontsId=110965;https://english.visitkorea.or.kr/svc/contents/contentsView.do?vcontsId=111771
KR,瑞山市,1835889,south-korea-34050,researched,destinations/韩国/忠清南道/瑞山市.md,2026-09-06,城市成稿、身份和来源完成核查。,,https://english.visitkorea.or.kr/svc/contents/contentsView.do?vcontsId=94917;https://english.visitkorea.or.kr/svc/contents/contentsView.do?vcontsId=81180
KR,论山市,1840209,south-korea-34060,researched,destinations/韩国/忠清南道/论山市.md,2026-09-06,城市成稿、身份和来源完成核查。,,https://english.visitkorea.or.kr/svc/contents/contentsView.do?vcontsId=95069;https://english.visitkorea.or.kr/svc/contents/contentsView.do?vcontsId=215640
KR,鸡龙市,8419251,south-korea-34070,researched,destinations/韩国/忠清南道/鸡龙市.md,2026-09-06,城市成稿、身份和来源完成核查。,,https://gyeryong.go.kr/tour/html/sub01/0101.html;https://gyeryong.go.kr/tour/html/sub02/0206.html
KR,唐津市,1834884,south-korea-34080,researched,destinations/韩国/忠清南道/唐津市.md,2026-09-06,城市成稿、身份和来源完成核查。,,https://english.visitkorea.or.kr/svc/contents/contentsView.do?vcontsId=104833;https://english.visitkorea.or.kr/svc/contents/contentsView.do?vcontsId=192616
KR,全州市,1845453,south-korea-35010,researched,destinations/韩国/全北特别自治道/全州市.md,2026-09-06,城市成稿、身份和来源完成核查。,,https://english.visitkorea.or.kr/svc/contents/contentsView.do?vcontsId=110848;https://english.visitkorea.or.kr/svc/whereToGo/hdrdslt/hdrdsltView.do?crsSn=200;https://english.visitkorea.or.kr/svc/contents/contentsView.do?vcontsId=226092
KR,群山市,1842023,south-korea-35020,researched,destinations/韩国/全北特别自治道/群山市.md,2026-09-06,城市成稿、身份和来源完成核查。,,https://english.visitkorea.or.kr/svc/contents/contentsView.do?vcontsId=77116;https://english.visitkorea.or.kr/svc/contents/contentsView.do?vcontsId=174257
KR,益山市,1843663,south-korea-35030,researched,destinations/韩国/全北特别自治道/益山市.md,2026-09-06,城市成稿、身份和来源完成核查。,,https://english.visitkorea.or.kr/svc/contents/contentsView.do?vcontsId=104682;https://english.visitkorea.or.kr/svc/contents/contentsView.do?vcontsId=172555
KR,井邑市,1845501,south-korea-35040,researched,destinations/韩国/全北特别自治道/井邑市.md,2026-09-06,城市成稿、身份和来源完成核查。,,https://english.visitkorea.or.kr/svc/contents/contentsView.do?vcontsId=110779;https://english.visitkorea.or.kr/svc/contents/contentsView.do?vcontsId=97432;https://english.visitkorea.or.kr/svc/contents/contentsView.do?vcontsId=74158
KR,南原市,1840378,south-korea-35050,researched,destinations/韩国/全北特别自治道/南原市.md,2026-09-06,城市成稿、身份和来源完成核查。,,https://english.visitkorea.or.kr/svc/contents/contentsView.do?vcontsId=104565;https://english.visitkorea.or.kr/svc/contents/rmsCsulView.do?dataSetId=144&menuSn=958&vcontsId=218413;https://english.visitkorea.or.kr/svc/contents/contentsView.do?vcontsId=178406
KR,金堤市,1842211,south-korea-35060,researched,destinations/韩国/全北特别自治道/金堤市.md,2026-09-06,城市成稿、身份和来源完成核查。,,https://english.visitkorea.or.kr/svc/contents/contentsView.do?vcontsId=103479;https://english.visitkorea.or.kr/svc/contents/contentsView.do?vcontsId=93836
KR,木浦市,1841063,south-korea-36010,researched,destinations/韩国/全南光州统合特别市/木浦市.md,2026-09-06,城市成稿、身份和来源完成核查。,,https://english.visitkorea.or.kr/svc/contents/contentsView.do?vcontsId=60768;https://english.visitkorea.or.kr/svc/whereToGo/hdrdslt/hdrdsltView.do?crsSn=289747;https://english.visitkorea.or.kr/svc/contents/contentsView.do?menuSn=607&vcontsId=228603
KR,丽水市,1832757,south-korea-36020,researched,destinations/韩国/全南光州统合特别市/丽水市.md,2026-09-06,城市成稿、身份和来源完成核查。,,https://english.visitkorea.or.kr/svc/contents/contentsView.do?vcontsId=84183;https://english.visitkorea.or.kr/svc/contents/contentsView.do?vcontsId=93901;https://english.visitkorea.or.kr/svc/contents/contentsView.do?menuSn=607&vcontsId=228603
KR,顺天市,1835646,south-korea-36030,researched,destinations/韩国/全南光州统合特别市/顺天市.md,2026-09-06,城市成稿、身份和来源完成核查。,,https://english.visitkorea.or.kr/svc/contents/infoHtmlView.do?menuSn=177&vcontsId=137836;https://english.visitkorea.or.kr/svc/contents/contentsView.do?vcontsId=174456
KR,罗州市,1840535,south-korea-36040,researched,destinations/韩国/全南光州统合特别市/罗州市.md,2026-09-06,城市成稿、身份和来源完成核查。,,https://english.visitkorea.or.kr/svc/contents/contentsView.do?vcontsId=62860;https://english.visitkorea.or.kr/svc/contents/contentsView.do?vcontsId=65851;https://english.visitkorea.or.kr/svc/contents/contentsView.do?vcontsId=190857
KR,光阳市,1841773,south-korea-36060,researched,destinations/韩国/全南光州统合特别市/光阳市.md,2026-09-06,城市成稿、身份和来源完成核查。,,https://english.visitkorea.or.kr/svc/contents/contentsView.do?vcontsId=94308;https://english.visitkorea.or.kr/svc/contents/contentsView.do?vcontsId=188189;https://english.visitkorea.or.kr/svc/whereToGo/locIntrdn/rgnContentsView.do?vcontsId=188204
KR,浦项市,1839068,south-korea-37010,researched,destinations/韩国/庆尚北道/浦项市.md,2026-09-06,城市成稿、身份和来源完成核查。,,https://english.visitkorea.or.kr/svc/contents/contentsView.do?vcontsId=34489;https://english.visitkorea.or.kr/svc/contents/contentsView.do?vcontsId=189490
KR,庆州市,1833276,south-korea-37020,researched,destinations/韩国/庆尚北道/庆州市.md,2026-09-06,城市成稿、身份和来源完成核查。,,https://english.visitkorea.or.kr/svc/whereToGo/hdrdslt/hdrdsltView.do?crsSn=534028;https://english.visitkorea.or.kr/svc/contents/contentsView.do?vcontsId=73618;https://english.visitkorea.or.kr/svc/contents/contentsView.do?vcontsId=180128
KR,金泉市,8604733,south-korea-37030,researched,destinations/韩国/庆尚北道/金泉市.md,2026-09-06,城市成稿、身份和来源完成核查。,,https://english.visitkorea.or.kr/svc/contents/contentsView.do?vcontsId=94392;https://english.visitkorea.or.kr/svc/contents/contentsView.do?vcontsId=94386;https://english.visitkorea.or.kr/svc/whereToGo/locIntrdn/rgnContentsView.do?vcontsId=189268
KR,安东市,1846980,south-korea-37040,researched,destinations/韩国/庆尚北道/安东市.md,2026-09-06,城市成稿、身份和来源完成核查。,,https://english.visitkorea.or.kr/svc/contents/contentsView.do?vcontsId=111087;https://english.visitkorea.or.kr/svc/contents/contentsView.do?vcontsId=1590438;https://english.visitkorea.or.kr/svc/contents/contentsView.do?vcontsId=78141
KR,龟尾市,1842218,south-korea-37050,researched,destinations/韩国/庆尚北道/龟尾市.md,2026-09-06,城市成稿、身份和来源完成核查。,,https://english.visitkorea.or.kr/svc/contents/contentsView.do?vcontsId=94407;https://english.visitkorea.or.kr/svc/contents/contentsView.do?vcontsId=189264
KR,荣州市,1844834,south-korea-37060,researched,destinations/韩国/庆尚北道/荣州市.md,2026-09-06,城市成稿、身份和来源完成核查。,,https://english.visitkorea.or.kr/svc/contents/contentsView.do?vcontsId=111132;https://english.visitkorea.or.kr/svc/contents/contentsView.do?vcontsId=111103
KR,永川市,1832611,south-korea-37070,researched,destinations/韩国/庆尚北道/永川市.md,2026-09-06,城市成稿、身份和来源完成核查。,,https://english.visitkorea.or.kr/svc/contents/contentsView.do?vcontsId=89729;https://english.visitkorea.or.kr/svc/contents/contentsView.do?vcontsId=94565
KR,尚州市,1837700,south-korea-37080,researched,destinations/韩国/庆尚北道/尚州市.md,2026-09-06,城市成稿、身份和来源完成核查。,,https://english.visitkorea.or.kr/svc/contents/contentsView.do?vcontsId=80830;https://english.visitkorea.or.kr/svc/contents/contentsView.do?vcontsId=80781
KR,闻庆市,8604735,south-korea-37090,researched,destinations/韩国/庆尚北道/闻庆市.md,2026-09-06,城市成稿、身份和来源完成核查。,,https://english.visitkorea.or.kr/svc/contents/contentsView.do?vcontsId=174802;https://english.visitkorea.or.kr/svc/contents/contentsView.do?vcontsId=91079
KR,庆山市,1841596,south-korea-37100,researched,destinations/韩国/庆尚北道/庆山市.md,2026-09-06,城市成稿、身份和来源完成核查。,,https://english.visitkorea.or.kr/svc/contents/contentsView.do?vcontsId=94435;https://english.visitkorea.or.kr/svc/contents/contentsView.do?vcontsId=94434
KR,晋州市,1846050,south-korea-38030,researched,destinations/韩国/庆尚南道/晋州市.md,2026-09-06,城市成稿、身份和来源完成核查。,,https://english.visitkorea.or.kr/svc/contents/contentsView.do?vcontsId=75199;https://english.visitkorea.or.kr/svc/contents/contentsView.do?vcontsId=111458;https://english.visitkorea.or.kr/svc/whereToGo/locIntrdn/rgnContentsView.do?vcontsId=188824;https://english.visitkorea.or.kr/svc/contents/contentsView.do?vcontsId=231693;https://jinju.museum.go.kr/kor/
KR,统营市,1845017,south-korea-38050,researched,destinations/韩国/庆尚南道/统营市.md,2026-09-06,城市成稿、身份和来源完成核查。,,https://english.visitkorea.or.kr/svc/contents/contentsView.do?vcontsId=79447;https://english.visitkorea.or.kr/svc/whereToGo/hdrdslt/hdrdsltView.do?crsSn=461001;https://english.visitkorea.or.kr/svc/contents/contentsView.do?vcontsId=178999;https://english.visitkorea.or.kr/svc/contents/contentsView.do?vcontsId=113285
KR,泗川市,8604736,south-korea-38060,researched,destinations/韩国/庆尚南道/泗川市.md,2026-09-06,城市成稿、身份和来源完成核查。,,https://english.visitkorea.or.kr/svc/contents/contentsView.do?vcontsId=188769;https://english.visitkorea.or.kr/svc/contents/contentsView.do?vcontsId=188759
KR,金海市,1842942,south-korea-38070,researched,destinations/韩国/庆尚南道/金海市.md,2026-09-06,城市成稿、身份和来源完成核查。,,https://english.visitkorea.or.kr/svc/contents/contentsView.do?vcontsId=95722;https://english.visitkorea.or.kr/svc/contents/contentsView.do?vcontsId=85010;https://english.visitkorea.or.kr/svc/whereToGo/locIntrdn/rgnContentsView.do?vcontsId=95736
KR,密阳市,1841147,south-korea-38080,researched,destinations/韩国/庆尚南道/密阳市.md,2026-09-06,城市成稿、身份和来源完成核查。,,https://english.visitkorea.or.kr/svc/contents/contentsView.do?vcontsId=88780;https://english.visitkorea.or.kr/svc/contents/contentsView.do?vcontsId=77668;https://english.visitkorea.or.kr/svc/sp/festivals/contentsView.do?dataSetId=297&menuSn=1040&vcontsId=67241
KR,巨济市,1842752,south-korea-38090,researched,destinations/韩国/庆尚南道/巨济市.md,2026-09-06,城市成稿、身份和来源完成核查。,,https://english.visitkorea.or.kr/svc/contents/contentsView.do?vcontsId=77569;https://english.visitkorea.or.kr/svc/contents/contentsView.do?vcontsId=110618;https://english.visitkorea.or.kr/svc/contents/contentsView.do?vcontsId=223677
KR,梁山市,1832824,south-korea-38100,researched,destinations/韩国/庆尚南道/梁山市.md,2026-09-06,城市成稿、身份和来源完成核查。,,https://english.visitkorea.or.kr/svc/contents/contentsView.do?vcontsId=110668;https://english.visitkorea.or.kr/svc/contents/contentsView.do?vcontsId=76467
KR,昌原市,1846322,south-korea-38110,researched,destinations/韩国/庆尚南道/昌原市.md,2026-09-06,城市成稿、身份和来源完成核查。,,https://english.visitkorea.or.kr/svc/contents/contentsView.do?vcontsId=71283;https://english.visitkorea.or.kr/svc/contents/contentsView.do?vcontsId=93625
KR,济州市,1846261,south-korea-39010,researched,destinations/韩国/济州特别自治道/济州市.md,2026-09-06,城市成稿、身份和来源完成核查。,,https://english.visitkorea.or.kr/svc/contents/contentsView.do?vcontsId=91127;https://english.visitkorea.or.kr/svc/contents/contentsView.do?vcontsId=103559;https://english.visitkorea.or.kr/svc/contents/contentsView.do?vcontsId=105005;https://english.visitkorea.or.kr/svc/contents/contentsView.do?menuSn=904&vcontsId=221319
KR,西归浦市,1836630,south-korea-39020,researched,destinations/韩国/济州特别自治道/西归浦市.md,2026-09-06,城市成稿、身份和来源完成核查。,,https://english.visitkorea.or.kr/svc/contents/contentsView.do?vcontsId=110885;https://english.visitkorea.or.kr/svc/contents/contentsView.do?vcontsId=110731;https://english.visitkorea.or.kr/svc/contents/contentsView.do?vcontsId=191247;https://english.visitkorea.or.kr/svc/contents/contentsView.do?vcontsId=57133
KP,平壤市,1871859,north-korea-1871859,researched,destinations/朝鲜/直辖城市/平壤市.md,2026-09-06,城市成稿、身份和来源完成核查。,,https://koryogroup.com/travel-guide/north-korea-guide-pyongyang-city;https://koryogroup.com/travel-guide/north-korea-guide-the-pyongyang-metro;https://ich.unesco.org/en/RL/pyongyang-raengmyon-custom-01695;https://koryogroup.com/blog/north-korea-travel-today;https://kp.china-embassy.gov.cn/lsyw/fcxz/
KP,罗先市,2042645,north-korea-2042645,researched,destinations/朝鲜/直辖城市/罗先市.md,2026-09-06,城市成稿、身份和来源完成核查。,,https://koryogroup.com/travel-guide/rason-north-korea-north-korea-travel-guide;https://koryogroup.com/blog/pipha-island-rason-north-korea-travel-guide;https://koryogroup.com/blog/north-korea-travel-today;https://kp.china-embassy.gov.cn/lsyw/fcxz/
KP,南浦市,1873757,north-korea-1873757,researched,destinations/朝鲜/直辖城市/南浦市.md,2026-09-06,城市成稿、身份和来源完成核查。,,https://koryogroup.com/travel-guide/nampo-north-korea-north-korea-travel-guide;https://koryogroup.com/blog/west-sea-barrage-nampo-north-korea-travel-guide;https://whc.unesco.org/en/list/1091/maps/;https://koryogroup.com/blog/north-korea-travel-today;https://kp.china-embassy.gov.cn/lsyw/fcxz/
KP,开城市,1876373,north-korea-1876373,researched,destinations/朝鲜/直辖城市/开城市.md,2026-09-06,城市成稿、身份和来源完成核查。,,https://whc.unesco.org/en/list/1278/;https://whc.unesco.org/en/list/1278/maps/;https://koryogroup.com/travel-guide/kaesong-the-dmz-north-korea-north-korea-travel-guide;https://koryogroup.com/blog/north-korea-travel-today;https://kp.china-embassy.gov.cn/lsyw/fcxz/
KP,江界市,2043572,north-korea-2043572,source_gap,,2026-09-06,检索结果主要为慈江道和边境历史背景，城市内参访点及接待资料待补。,Kanggye tourism travel guide,https://www.youngpioneertours.com/views-borderlands-manpo/
KP,熙川市,2044013,north-korea-2044013,source_gap,,2026-09-06,找到 2020 年单一酒店记录，城市内景点、路线与当期接待资料待补。,Huichon tourism travel guide,https://koryogroup.com/travel-guide/huichon-hotel-north-korea-travel-guide
KP,满浦市,2042893,north-korea-2042893,source_gap,,2026-09-06,找到 2019 年口岸开放报道，城市内具体参访点、住宿餐饮及现行接待资料待补。,Manpo tourism travel guide,https://koryogroup.com/travel-guide/north-korea-travel-guide-manpo-china-dprk-border-town
KP,清津市,2044757,north-korea-2044757,researched,destinations/朝鲜/咸镜北道/清津市.md,2026-09-06,城市成稿、身份和来源完成核查。,,https://koryogroup.com/travel-guide/chongjin-north-korea-north-korea-travel-guide;https://koryogroup.com/travel-guide/chongjin-central-square-north-korea-travel-guide;https://koryogroup.com/blog/north-korea-travel-today;https://kp.china-embassy.gov.cn/lsyw/fcxz/
KP,会宁市,2044091,north-korea-2044091,researched,destinations/朝鲜/咸镜北道/会宁市.md,2026-09-06,城市成稿、身份和来源完成核查。,,https://koryogroup.com/travel-guide/hoeryong-north-korea-travel-guide;https://koryogroup.com/travel-guide/native-house-of-kim-jong-suk-hoeryong-north-korea-travel-guide;https://koryogroup.com/blog/north-korea-travel-today;https://kp.china-embassy.gov.cn/lsyw/fcxz/
KP,金策市,2043476,north-korea-2043476,source_gap,,2026-09-06,找到城市和铁路背景，来源对旅游提出设想；实际参访点、接待流程及住宿资料待补。,Kimchaek city tourism travel guide,https://www.youngpioneertours.com/kimchaek-guide/
KP,咸兴市,1877449,north-korea-1877449,researched,destinations/朝鲜/咸镜南道/咸兴市.md,2026-09-06,城市成稿、身份和来源完成核查。,,https://koryogroup.com/travel-guide/hamhung-north-korea-north-korea-travel-guide;https://koryogroup.com/travel-guide/hamhung-grand-theatre-north-korea-travel-guide;https://koryogroup.com/travel-guide/home-of-ri-song-gye-hamhung-royal-villa-north-korea-travel-guide;https://koryogroup.com/blog/north-korea-travel-today;https://kp.china-embassy.gov.cn/lsyw/fcxz/
KP,新浦市,2040959,north-korea-2040959,source_gap,,2026-09-06,检索出现新川等异地结果，仍需确认新浦城市内的可引用参访资料。,Sinpo city tourism travel guide,
KP,端川市,2040062,north-korea-2040062,source_gap,,2026-09-06,检索结果多为其他山地景点，端川城市内景点、餐饮与接待资料待补。,Tanchon tourism travel guide,
KP,沙里院市,1870883,north-korea-1870883,researched,destinations/朝鲜/黄海北道/沙里院市.md,2026-09-06,城市成稿、身份和来源完成核查。,,https://koryogroup.com/travel-guide/sariwon-north-korea-north-korea-travel-guide;https://whc.unesco.org/en/list/1091/maps/;https://koryogroup.com/blog/north-korea-travel-today;https://kp.china-embassy.gov.cn/lsyw/fcxz/
KP,松林市,1869446,north-korea-1869446,source_gap,,2026-09-06,大同江资料涉及工业港口背景，城市内参访点、住宿与接待资料待补。,Songnim tourism travel guide,https://koryogroup.com/travel-guide/taedonggang-north-korea-travel-guide
KP,海州市,1877615,north-korea-1877615,researched,destinations/朝鲜/黄海南道/海州市.md,2026-09-06,城市成稿、身份和来源完成核查。,,https://koryogroup.com/travel-guide/haeju-north-korea-north-korea-travel-guide;https://koryogroup.com/travel-guide/puyong-hall-haeju-north-korea-travel-guide;https://koryogroup.com/blog/north-korea-travel-today;https://kp.china-embassy.gov.cn/lsyw/fcxz/
KP,元山市,1866923,north-korea-1866923,researched,destinations/朝鲜/江原道/元山市.md,2026-09-06,城市成稿、身份和来源完成核查。,,https://koryogroup.com/travel-guide/wonsan-city-centre-north-korea-travel-guide;https://koryogroup.com/travel-guide/wonsan-tourism-project-north-korea-travel-guide;https://koryogroup.com/blog/north-korea-travel-today;https://kp.china-embassy.gov.cn/lsyw/fcxz/
KP,文川市,1874228,north-korea-1874228,source_gap,,2026-09-06,检索以全国旅游概览为主，文川城市内具体参访资料待补。,Munchon tourism travel guide,
KP,新义州市,2040893,north-korea-2040893,researched,destinations/朝鲜/平安北道/新义州市.md,2026-09-06,城市成稿、身份和来源完成核查。,,https://koryogroup.com/travel-guide/sinuiju-uiju-tongrim-north-korea-north-korea-travel-guide;https://koryogroup.com/travel-guide/sinuiju-outdoor-performance-north-korea-travel-guide;https://koryogroup.com/blog/north-korea-travel-today;https://kp.china-embassy.gov.cn/lsyw/fcxz/
KP,定州市,1878389,north-korea-1878389,source_gap,,2026-09-06,检索出现清津等异地结果，定州城市身份对应的参访点与接待资料待补。,Chongju North Korea travel guide,
KP,龟城市,1875107,north-korea-1875107,source_gap,,2026-09-06,检索出现镜城及其他异地结果，龟城城市内景点与接待资料待补。,Kusong tourism travel guide,
KP,平城市,1871871,north-korea-1871871,researched,destinations/朝鲜/平安南道/平城市.md,2026-09-06,城市成稿、身份和来源完成核查。,,https://koryogroup.com/travel-guide/pyongysong-north-korea-north-korea-travel-guide;https://kp.china-embassy.gov.cn/lsyw/fcxz/;https://koryogroup.com/blog/north-korea-travel-today;https://kp.china-embassy.gov.cn/lsyw/fcxz/
KP,安州市,1879613,north-korea-1879613,researched,destinations/朝鲜/平安南道/安州市.md,2026-09-06,城市成稿、身份和来源完成核查。,,https://koryogroup.com/travel-guide/anju-north-korea-travel-guide;https://koryogroup.com/travel-guide/the-hitchhiker-s-guide-to-the-dprk-no-1-country-grammar;https://koryogroup.com/blog/north-korea-travel-today;https://kp.china-embassy.gov.cn/lsyw/fcxz/
KP,价川市,1876401,north-korea-1876401,source_gap,,2026-09-06,检索出现开城和凯旋公园等异地结果，价川对应的参访资料待补。,Kaechon tourism travel guide,
KP,顺川市,1869012,north-korea-1869012,source_gap,,2026-09-06,现有结果停留在全国概览，需补齐朝鲜顺川的景点及旅行接待资料。,Sunchon North Korea tourism travel guide,
KP,德川市,1868144,north-korea-1868144,source_gap,,2026-09-06,河流资料涉及工业背景，具体参访点与接待条件待补，需同时交叉核实水系叙述。,Tokchon tourism travel guide,https://koryogroup.com/blog/changjin-lake-north-korea-travel-guide
KP,惠山市,2043837,north-korea-2043837,source_gap,,2026-09-06,找到口岸及酒店概述，城市内具体参访点较少，跨城交通叙述及当前接待条件待交叉确认。,Hyesan tourism travel guide,https://www.youngpioneertours.com/the-hyesan-city-guide/
KP,三池渊市,2041442,north-korea-2041442,researched,destinations/朝鲜/两江道/三池渊市.md,2026-09-06,城市成稿、身份和来源完成核查。,,https://koryogroup.com/travel-guide/samjiyon-north-korea-a-complete-guide;https://koryogroup.com/travel-guide/samjiyon-grand-monument-north-korea-travel-guide-813d04c8-1452-413f-ad60-0f4817d6c261;https://koryogroup.com/blog/north-korea-travel-today;https://kp.china-embassy.gov.cn/lsyw/fcxz/
