administrative_code,name,city_level,source_type,province_administrative_code,province_name,prefecture_administrative_code,prefecture_name,source_cutoff,source_url
110000,北京市,direct_municipality,直辖市,110000,北京市,,,2025-12-31,https://dmfw.mca.gov.cn/xzqh/getList?code=11&trimCode=true&maxLevel=3
120000,天津市,direct_municipality,直辖市,120000,天津市,,,2025-12-31,https://dmfw.mca.gov.cn/xzqh/getList?code=12&trimCode=true&maxLevel=3
130100,石家庄市,prefecture_level_city,地级市,130000,河北省,,,2025-12-31,https://dmfw.mca.gov.cn/xzqh/getList?code=13&trimCode=true&maxLevel=3
130181,辛集市,county_level_city,县级市,130000,河北省,130100,石家庄市,2025-12-31,https://dmfw.mca.gov.cn/xzqh/getList?code=13&trimCode=true&maxLevel=3
130183,晋州市,county_level_city,县级市,130000,河北省,130100,石家庄市,2025-12-31,https://dmfw.mca.gov.cn/xzqh/getList?code=13&trimCode=true&maxLevel=3
130184,新乐市,county_level_city,县级市,130000,河北省,130100,石家庄市,2025-12-31,https://dmfw.mca.gov.cn/xzqh/getList?code=13&trimCode=true&maxLevel=3
130200,唐山市,prefecture_level_city,地级市,130000,河北省,,,2025-12-31,https://dmfw.mca.gov.cn/xzqh/getList?code=13&trimCode=true&maxLevel=3
130281,遵化市,county_level_city,县级市,130000,河北省,130200,唐山市,2025-12-31,https://dmfw.mca.gov.cn/xzqh/getList?code=13&trimCode=true&maxLevel=3
130283,迁安市,county_level_city,县级市,130000,河北省,130200,唐山市,2025-12-31,https://dmfw.mca.gov.cn/xzqh/getList?code=13&trimCode=true&maxLevel=3
130284,滦州市,county_level_city,县级市,130000,河北省,130200,唐山市,2025-12-31,https://dmfw.mca.gov.cn/xzqh/getList?code=13&trimCode=true&maxLevel=3
130300,秦皇岛市,prefecture_level_city,地级市,130000,河北省,,,2025-12-31,https://dmfw.mca.gov.cn/xzqh/getList?code=13&trimCode=true&maxLevel=3
130400,邯郸市,prefecture_level_city,地级市,130000,河北省,,,2025-12-31,https://dmfw.mca.gov.cn/xzqh/getList?code=13&trimCode=true&maxLevel=3
130481,武安市,county_level_city,县级市,130000,河北省,130400,邯郸市,2025-12-31,https://dmfw.mca.gov.cn/xzqh/getList?code=13&trimCode=true&maxLevel=3
130500,邢台市,prefecture_level_city,地级市,130000,河北省,,,2025-12-31,https://dmfw.mca.gov.cn/xzqh/getList?code=13&trimCode=true&maxLevel=3
130581,南宫市,county_level_city,县级市,130000,河北省,130500,邢台市,2025-12-31,https://dmfw.mca.gov.cn/xzqh/getList?code=13&trimCode=true&maxLevel=3
130582,沙河市,county_level_city,县级市,130000,河北省,130500,邢台市,2025-12-31,https://dmfw.mca.gov.cn/xzqh/getList?code=13&trimCode=true&maxLevel=3
130600,保定市,prefecture_level_city,地级市,130000,河北省,,,2025-12-31,https://dmfw.mca.gov.cn/xzqh/getList?code=13&trimCode=true&maxLevel=3
130681,涿州市,county_level_city,县级市,130000,河北省,130600,保定市,2025-12-31,https://dmfw.mca.gov.cn/xzqh/getList?code=13&trimCode=true&maxLevel=3
130682,定州市,county_level_city,县级市,130000,河北省,130600,保定市,2025-12-31,https://dmfw.mca.gov.cn/xzqh/getList?code=13&trimCode=true&maxLevel=3
130683,安国市,county_level_city,县级市,130000,河北省,130600,保定市,2025-12-31,https://dmfw.mca.gov.cn/xzqh/getList?code=13&trimCode=true&maxLevel=3
130684,高碑店市,county_level_city,县级市,130000,河北省,130600,保定市,2025-12-31,https://dmfw.mca.gov.cn/xzqh/getList?code=13&trimCode=true&maxLevel=3
130700,张家口市,prefecture_level_city,地级市,130000,河北省,,,2025-12-31,https://dmfw.mca.gov.cn/xzqh/getList?code=13&trimCode=true&maxLevel=3
130800,承德市,prefecture_level_city,地级市,130000,河北省,,,2025-12-31,https://dmfw.mca.gov.cn/xzqh/getList?code=13&trimCode=true&maxLevel=3
130881,平泉市,county_level_city,县级市,130000,河北省,130800,承德市,2025-12-31,https://dmfw.mca.gov.cn/xzqh/getList?code=13&trimCode=true&maxLevel=3
130900,沧州市,prefecture_level_city,地级市,130000,河北省,,,2025-12-31,https://dmfw.mca.gov.cn/xzqh/getList?code=13&trimCode=true&maxLevel=3
130981,泊头市,county_level_city,县级市,130000,河北省,130900,沧州市,2025-12-31,https://dmfw.mca.gov.cn/xzqh/getList?code=13&trimCode=true&maxLevel=3
130982,任丘市,county_level_city,县级市,130000,河北省,130900,沧州市,2025-12-31,https://dmfw.mca.gov.cn/xzqh/getList?code=13&trimCode=true&maxLevel=3
130983,黄骅市,county_level_city,县级市,130000,河北省,130900,沧州市,2025-12-31,https://dmfw.mca.gov.cn/xzqh/getList?code=13&trimCode=true&maxLevel=3
130984,河间市,county_level_city,县级市,130000,河北省,130900,沧州市,2025-12-31,https://dmfw.mca.gov.cn/xzqh/getList?code=13&trimCode=true&maxLevel=3
131000,廊坊市,prefecture_level_city,地级市,130000,河北省,,,2025-12-31,https://dmfw.mca.gov.cn/xzqh/getList?code=13&trimCode=true&maxLevel=3
131081,霸州市,county_level_city,县级市,130000,河北省,131000,廊坊市,2025-12-31,https://dmfw.mca.gov.cn/xzqh/getList?code=13&trimCode=true&maxLevel=3
131082,三河市,county_level_city,县级市,130000,河北省,131000,廊坊市,2025-12-31,https://dmfw.mca.gov.cn/xzqh/getList?code=13&trimCode=true&maxLevel=3
131100,衡水市,prefecture_level_city,地级市,130000,河北省,,,2025-12-31,https://dmfw.mca.gov.cn/xzqh/getList?code=13&trimCode=true&maxLevel=3
131182,深州市,county_level_city,县级市,130000,河北省,131100,衡水市,2025-12-31,https://dmfw.mca.gov.cn/xzqh/getList?code=13&trimCode=true&maxLevel=3
140100,太原市,prefecture_level_city,地级市,140000,山西省,,,2025-12-31,https://dmfw.mca.gov.cn/xzqh/getList?code=14&trimCode=true&maxLevel=3
140181,古交市,county_level_city,县级市,140000,山西省,140100,太原市,2025-12-31,https://dmfw.mca.gov.cn/xzqh/getList?code=14&trimCode=true&maxLevel=3
140200,大同市,prefecture_level_city,地级市,140000,山西省,,,2025-12-31,https://dmfw.mca.gov.cn/xzqh/getList?code=14&trimCode=true&maxLevel=3
140300,阳泉市,prefecture_level_city,地级市,140000,山西省,,,2025-12-31,https://dmfw.mca.gov.cn/xzqh/getList?code=14&trimCode=true&maxLevel=3
140400,长治市,prefecture_level_city,地级市,140000,山西省,,,2025-12-31,https://dmfw.mca.gov.cn/xzqh/getList?code=14&trimCode=true&maxLevel=3
140500,晋城市,prefecture_level_city,地级市,140000,山西省,,,2025-12-31,https://dmfw.mca.gov.cn/xzqh/getList?code=14&trimCode=true&maxLevel=3
140581,高平市,county_level_city,县级市,140000,山西省,140500,晋城市,2025-12-31,https://dmfw.mca.gov.cn/xzqh/getList?code=14&trimCode=true&maxLevel=3
140600,朔州市,prefecture_level_city,地级市,140000,山西省,,,2025-12-31,https://dmfw.mca.gov.cn/xzqh/getList?code=14&trimCode=true&maxLevel=3
140681,怀仁市,county_level_city,县级市,140000,山西省,140600,朔州市,2025-12-31,https://dmfw.mca.gov.cn/xzqh/getList?code=14&trimCode=true&maxLevel=3
140700,晋中市,prefecture_level_city,地级市,140000,山西省,,,2025-12-31,https://dmfw.mca.gov.cn/xzqh/getList?code=14&trimCode=true&maxLevel=3
140781,介休市,county_level_city,县级市,140000,山西省,140700,晋中市,2025-12-31,https://dmfw.mca.gov.cn/xzqh/getList?code=14&trimCode=true&maxLevel=3
140800,运城市,prefecture_level_city,地级市,140000,山西省,,,2025-12-31,https://dmfw.mca.gov.cn/xzqh/getList?code=14&trimCode=true&maxLevel=3
140881,永济市,county_level_city,县级市,140000,山西省,140800,运城市,2025-12-31,https://dmfw.mca.gov.cn/xzqh/getList?code=14&trimCode=true&maxLevel=3
140882,河津市,county_level_city,县级市,140000,山西省,140800,运城市,2025-12-31,https://dmfw.mca.gov.cn/xzqh/getList?code=14&trimCode=true&maxLevel=3
140900,忻州市,prefecture_level_city,地级市,140000,山西省,,,2025-12-31,https://dmfw.mca.gov.cn/xzqh/getList?code=14&trimCode=true&maxLevel=3
140981,原平市,county_level_city,县级市,140000,山西省,140900,忻州市,2025-12-31,https://dmfw.mca.gov.cn/xzqh/getList?code=14&trimCode=true&maxLevel=3
141000,临汾市,prefecture_level_city,地级市,140000,山西省,,,2025-12-31,https://dmfw.mca.gov.cn/xzqh/getList?code=14&trimCode=true&maxLevel=3
141081,侯马市,county_level_city,县级市,140000,山西省,141000,临汾市,2025-12-31,https://dmfw.mca.gov.cn/xzqh/getList?code=14&trimCode=true&maxLevel=3
141082,霍州市,county_level_city,县级市,140000,山西省,141000,临汾市,2025-12-31,https://dmfw.mca.gov.cn/xzqh/getList?code=14&trimCode=true&maxLevel=3
141100,吕梁市,prefecture_level_city,地级市,140000,山西省,,,2025-12-31,https://dmfw.mca.gov.cn/xzqh/getList?code=14&trimCode=true&maxLevel=3
141181,孝义市,county_level_city,县级市,140000,山西省,141100,吕梁市,2025-12-31,https://dmfw.mca.gov.cn/xzqh/getList?code=14&trimCode=true&maxLevel=3
141182,汾阳市,county_level_city,县级市,140000,山西省,141100,吕梁市,2025-12-31,https://dmfw.mca.gov.cn/xzqh/getList?code=14&trimCode=true&maxLevel=3
150100,呼和浩特市,prefecture_level_city,地级市,150000,内蒙古自治区,,,2025-12-31,https://dmfw.mca.gov.cn/xzqh/getList?code=15&trimCode=true&maxLevel=3
150200,包头市,prefecture_level_city,地级市,150000,内蒙古自治区,,,2025-12-31,https://dmfw.mca.gov.cn/xzqh/getList?code=15&trimCode=true&maxLevel=3
150300,乌海市,prefecture_level_city,地级市,150000,内蒙古自治区,,,2025-12-31,https://dmfw.mca.gov.cn/xzqh/getList?code=15&trimCode=true&maxLevel=3
150400,赤峰市,prefecture_level_city,地级市,150000,内蒙古自治区,,,2025-12-31,https://dmfw.mca.gov.cn/xzqh/getList?code=15&trimCode=true&maxLevel=3
150500,通辽市,prefecture_level_city,地级市,150000,内蒙古自治区,,,2025-12-31,https://dmfw.mca.gov.cn/xzqh/getList?code=15&trimCode=true&maxLevel=3
150581,霍林郭勒市,county_level_city,县级市,150000,内蒙古自治区,150500,通辽市,2025-12-31,https://dmfw.mca.gov.cn/xzqh/getList?code=15&trimCode=true&maxLevel=3
150600,鄂尔多斯市,prefecture_level_city,地级市,150000,内蒙古自治区,,,2025-12-31,https://dmfw.mca.gov.cn/xzqh/getList?code=15&trimCode=true&maxLevel=3
150700,呼伦贝尔市,prefecture_level_city,地级市,150000,内蒙古自治区,,,2025-12-31,https://dmfw.mca.gov.cn/xzqh/getList?code=15&trimCode=true&maxLevel=3
150781,满洲里市,county_level_city,县级市,150000,内蒙古自治区,150700,呼伦贝尔市,2025-12-31,https://dmfw.mca.gov.cn/xzqh/getList?code=15&trimCode=true&maxLevel=3
150782,牙克石市,county_level_city,县级市,150000,内蒙古自治区,150700,呼伦贝尔市,2025-12-31,https://dmfw.mca.gov.cn/xzqh/getList?code=15&trimCode=true&maxLevel=3
150783,扎兰屯市,county_level_city,县级市,150000,内蒙古自治区,150700,呼伦贝尔市,2025-12-31,https://dmfw.mca.gov.cn/xzqh/getList?code=15&trimCode=true&maxLevel=3
150784,额尔古纳市,county_level_city,县级市,150000,内蒙古自治区,150700,呼伦贝尔市,2025-12-31,https://dmfw.mca.gov.cn/xzqh/getList?code=15&trimCode=true&maxLevel=3
150785,根河市,county_level_city,县级市,150000,内蒙古自治区,150700,呼伦贝尔市,2025-12-31,https://dmfw.mca.gov.cn/xzqh/getList?code=15&trimCode=true&maxLevel=3
150800,巴彦淖尔市,prefecture_level_city,地级市,150000,内蒙古自治区,,,2025-12-31,https://dmfw.mca.gov.cn/xzqh/getList?code=15&trimCode=true&maxLevel=3
150900,乌兰察布市,prefecture_level_city,地级市,150000,内蒙古自治区,,,2025-12-31,https://dmfw.mca.gov.cn/xzqh/getList?code=15&trimCode=true&maxLevel=3
150981,丰镇市,county_level_city,县级市,150000,内蒙古自治区,150900,乌兰察布市,2025-12-31,https://dmfw.mca.gov.cn/xzqh/getList?code=15&trimCode=true&maxLevel=3
152201,乌兰浩特市,county_level_city,县级市,150000,内蒙古自治区,152200,兴安盟,2025-12-31,https://dmfw.mca.gov.cn/xzqh/getList?code=15&trimCode=true&maxLevel=3
152202,阿尔山市,county_level_city,县级市,150000,内蒙古自治区,152200,兴安盟,2025-12-31,https://dmfw.mca.gov.cn/xzqh/getList?code=15&trimCode=true&maxLevel=3
152501,二连浩特市,county_level_city,县级市,150000,内蒙古自治区,152500,锡林郭勒盟,2025-12-31,https://dmfw.mca.gov.cn/xzqh/getList?code=15&trimCode=true&maxLevel=3
152502,锡林浩特市,county_level_city,县级市,150000,内蒙古自治区,152500,锡林郭勒盟,2025-12-31,https://dmfw.mca.gov.cn/xzqh/getList?code=15&trimCode=true&maxLevel=3
210100,沈阳市,prefecture_level_city,地级市,210000,辽宁省,,,2025-12-31,https://dmfw.mca.gov.cn/xzqh/getList?code=21&trimCode=true&maxLevel=3
210181,新民市,county_level_city,县级市,210000,辽宁省,210100,沈阳市,2025-12-31,https://dmfw.mca.gov.cn/xzqh/getList?code=21&trimCode=true&maxLevel=3
210200,大连市,prefecture_level_city,地级市,210000,辽宁省,,,2025-12-31,https://dmfw.mca.gov.cn/xzqh/getList?code=21&trimCode=true&maxLevel=3
210281,瓦房店市,county_level_city,县级市,210000,辽宁省,210200,大连市,2025-12-31,https://dmfw.mca.gov.cn/xzqh/getList?code=21&trimCode=true&maxLevel=3
210283,庄河市,county_level_city,县级市,210000,辽宁省,210200,大连市,2025-12-31,https://dmfw.mca.gov.cn/xzqh/getList?code=21&trimCode=true&maxLevel=3
210300,鞍山市,prefecture_level_city,地级市,210000,辽宁省,,,2025-12-31,https://dmfw.mca.gov.cn/xzqh/getList?code=21&trimCode=true&maxLevel=3
210381,海城市,county_level_city,县级市,210000,辽宁省,210300,鞍山市,2025-12-31,https://dmfw.mca.gov.cn/xzqh/getList?code=21&trimCode=true&maxLevel=3
210400,抚顺市,prefecture_level_city,地级市,210000,辽宁省,,,2025-12-31,https://dmfw.mca.gov.cn/xzqh/getList?code=21&trimCode=true&maxLevel=3
210500,本溪市,prefecture_level_city,地级市,210000,辽宁省,,,2025-12-31,https://dmfw.mca.gov.cn/xzqh/getList?code=21&trimCode=true&maxLevel=3
210600,丹东市,prefecture_level_city,地级市,210000,辽宁省,,,2025-12-31,https://dmfw.mca.gov.cn/xzqh/getList?code=21&trimCode=true&maxLevel=3
210681,东港市,county_level_city,县级市,210000,辽宁省,210600,丹东市,2025-12-31,https://dmfw.mca.gov.cn/xzqh/getList?code=21&trimCode=true&maxLevel=3
210682,凤城市,county_level_city,县级市,210000,辽宁省,210600,丹东市,2025-12-31,https://dmfw.mca.gov.cn/xzqh/getList?code=21&trimCode=true&maxLevel=3
210700,锦州市,prefecture_level_city,地级市,210000,辽宁省,,,2025-12-31,https://dmfw.mca.gov.cn/xzqh/getList?code=21&trimCode=true&maxLevel=3
210781,凌海市,county_level_city,县级市,210000,辽宁省,210700,锦州市,2025-12-31,https://dmfw.mca.gov.cn/xzqh/getList?code=21&trimCode=true&maxLevel=3
210782,北镇市,county_level_city,县级市,210000,辽宁省,210700,锦州市,2025-12-31,https://dmfw.mca.gov.cn/xzqh/getList?code=21&trimCode=true&maxLevel=3
210800,营口市,prefecture_level_city,地级市,210000,辽宁省,,,2025-12-31,https://dmfw.mca.gov.cn/xzqh/getList?code=21&trimCode=true&maxLevel=3
210881,盖州市,county_level_city,县级市,210000,辽宁省,210800,营口市,2025-12-31,https://dmfw.mca.gov.cn/xzqh/getList?code=21&trimCode=true&maxLevel=3
210882,大石桥市,county_level_city,县级市,210000,辽宁省,210800,营口市,2025-12-31,https://dmfw.mca.gov.cn/xzqh/getList?code=21&trimCode=true&maxLevel=3
210900,阜新市,prefecture_level_city,地级市,210000,辽宁省,,,2025-12-31,https://dmfw.mca.gov.cn/xzqh/getList?code=21&trimCode=true&maxLevel=3
211000,辽阳市,prefecture_level_city,地级市,210000,辽宁省,,,2025-12-31,https://dmfw.mca.gov.cn/xzqh/getList?code=21&trimCode=true&maxLevel=3
211081,灯塔市,county_level_city,县级市,210000,辽宁省,211000,辽阳市,2025-12-31,https://dmfw.mca.gov.cn/xzqh/getList?code=21&trimCode=true&maxLevel=3
211100,盘锦市,prefecture_level_city,地级市,210000,辽宁省,,,2025-12-31,https://dmfw.mca.gov.cn/xzqh/getList?code=21&trimCode=true&maxLevel=3
211200,铁岭市,prefecture_level_city,地级市,210000,辽宁省,,,2025-12-31,https://dmfw.mca.gov.cn/xzqh/getList?code=21&trimCode=true&maxLevel=3
211281,调兵山市,county_level_city,县级市,210000,辽宁省,211200,铁岭市,2025-12-31,https://dmfw.mca.gov.cn/xzqh/getList?code=21&trimCode=true&maxLevel=3
211282,开原市,county_level_city,县级市,210000,辽宁省,211200,铁岭市,2025-12-31,https://dmfw.mca.gov.cn/xzqh/getList?code=21&trimCode=true&maxLevel=3
211300,朝阳市,prefecture_level_city,地级市,210000,辽宁省,,,2025-12-31,https://dmfw.mca.gov.cn/xzqh/getList?code=21&trimCode=true&maxLevel=3
211381,北票市,county_level_city,县级市,210000,辽宁省,211300,朝阳市,2025-12-31,https://dmfw.mca.gov.cn/xzqh/getList?code=21&trimCode=true&maxLevel=3
211382,凌源市,county_level_city,县级市,210000,辽宁省,211300,朝阳市,2025-12-31,https://dmfw.mca.gov.cn/xzqh/getList?code=21&trimCode=true&maxLevel=3
211400,葫芦岛市,prefecture_level_city,地级市,210000,辽宁省,,,2025-12-31,https://dmfw.mca.gov.cn/xzqh/getList?code=21&trimCode=true&maxLevel=3
211481,兴城市,county_level_city,县级市,210000,辽宁省,211400,葫芦岛市,2025-12-31,https://dmfw.mca.gov.cn/xzqh/getList?code=21&trimCode=true&maxLevel=3
220100,长春市,prefecture_level_city,地级市,220000,吉林省,,,2025-12-31,https://dmfw.mca.gov.cn/xzqh/getList?code=22&trimCode=true&maxLevel=3
220182,榆树市,county_level_city,县级市,220000,吉林省,220100,长春市,2025-12-31,https://dmfw.mca.gov.cn/xzqh/getList?code=22&trimCode=true&maxLevel=3
220183,德惠市,county_level_city,县级市,220000,吉林省,220100,长春市,2025-12-31,https://dmfw.mca.gov.cn/xzqh/getList?code=22&trimCode=true&maxLevel=3
220184,公主岭市,county_level_city,县级市,220000,吉林省,220100,长春市,2025-12-31,https://dmfw.mca.gov.cn/xzqh/getList?code=22&trimCode=true&maxLevel=3
220200,吉林市,prefecture_level_city,地级市,220000,吉林省,,,2025-12-31,https://dmfw.mca.gov.cn/xzqh/getList?code=22&trimCode=true&maxLevel=3
220281,蛟河市,county_level_city,县级市,220000,吉林省,220200,吉林市,2025-12-31,https://dmfw.mca.gov.cn/xzqh/getList?code=22&trimCode=true&maxLevel=3
220282,桦甸市,county_level_city,县级市,220000,吉林省,220200,吉林市,2025-12-31,https://dmfw.mca.gov.cn/xzqh/getList?code=22&trimCode=true&maxLevel=3
220283,舒兰市,county_level_city,县级市,220000,吉林省,220200,吉林市,2025-12-31,https://dmfw.mca.gov.cn/xzqh/getList?code=22&trimCode=true&maxLevel=3
220284,磐石市,county_level_city,县级市,220000,吉林省,220200,吉林市,2025-12-31,https://dmfw.mca.gov.cn/xzqh/getList?code=22&trimCode=true&maxLevel=3
220300,四平市,prefecture_level_city,地级市,220000,吉林省,,,2025-12-31,https://dmfw.mca.gov.cn/xzqh/getList?code=22&trimCode=true&maxLevel=3
220382,双辽市,county_level_city,县级市,220000,吉林省,220300,四平市,2025-12-31,https://dmfw.mca.gov.cn/xzqh/getList?code=22&trimCode=true&maxLevel=3
220400,辽源市,prefecture_level_city,地级市,220000,吉林省,,,2025-12-31,https://dmfw.mca.gov.cn/xzqh/getList?code=22&trimCode=true&maxLevel=3
220500,通化市,prefecture_level_city,地级市,220000,吉林省,,,2025-12-31,https://dmfw.mca.gov.cn/xzqh/getList?code=22&trimCode=true&maxLevel=3
220581,梅河口市,county_level_city,县级市,220000,吉林省,220500,通化市,2025-12-31,https://dmfw.mca.gov.cn/xzqh/getList?code=22&trimCode=true&maxLevel=3
220582,集安市,county_level_city,县级市,220000,吉林省,220500,通化市,2025-12-31,https://dmfw.mca.gov.cn/xzqh/getList?code=22&trimCode=true&maxLevel=3
220600,白山市,prefecture_level_city,地级市,220000,吉林省,,,2025-12-31,https://dmfw.mca.gov.cn/xzqh/getList?code=22&trimCode=true&maxLevel=3
220681,临江市,county_level_city,县级市,220000,吉林省,220600,白山市,2025-12-31,https://dmfw.mca.gov.cn/xzqh/getList?code=22&trimCode=true&maxLevel=3
220700,松原市,prefecture_level_city,地级市,220000,吉林省,,,2025-12-31,https://dmfw.mca.gov.cn/xzqh/getList?code=22&trimCode=true&maxLevel=3
220781,扶余市,county_level_city,县级市,220000,吉林省,220700,松原市,2025-12-31,https://dmfw.mca.gov.cn/xzqh/getList?code=22&trimCode=true&maxLevel=3
220800,白城市,prefecture_level_city,地级市,220000,吉林省,,,2025-12-31,https://dmfw.mca.gov.cn/xzqh/getList?code=22&trimCode=true&maxLevel=3
220881,洮南市,county_level_city,县级市,220000,吉林省,220800,白城市,2025-12-31,https://dmfw.mca.gov.cn/xzqh/getList?code=22&trimCode=true&maxLevel=3
220882,大安市,county_level_city,县级市,220000,吉林省,220800,白城市,2025-12-31,https://dmfw.mca.gov.cn/xzqh/getList?code=22&trimCode=true&maxLevel=3
222401,延吉市,county_level_city,县级市,220000,吉林省,222400,延边朝鲜族自治州,2025-12-31,https://dmfw.mca.gov.cn/xzqh/getList?code=22&trimCode=true&maxLevel=3
222402,图们市,county_level_city,县级市,220000,吉林省,222400,延边朝鲜族自治州,2025-12-31,https://dmfw.mca.gov.cn/xzqh/getList?code=22&trimCode=true&maxLevel=3
222403,敦化市,county_level_city,县级市,220000,吉林省,222400,延边朝鲜族自治州,2025-12-31,https://dmfw.mca.gov.cn/xzqh/getList?code=22&trimCode=true&maxLevel=3
222404,珲春市,county_level_city,县级市,220000,吉林省,222400,延边朝鲜族自治州,2025-12-31,https://dmfw.mca.gov.cn/xzqh/getList?code=22&trimCode=true&maxLevel=3
222405,龙井市,county_level_city,县级市,220000,吉林省,222400,延边朝鲜族自治州,2025-12-31,https://dmfw.mca.gov.cn/xzqh/getList?code=22&trimCode=true&maxLevel=3
222406,和龙市,county_level_city,县级市,220000,吉林省,222400,延边朝鲜族自治州,2025-12-31,https://dmfw.mca.gov.cn/xzqh/getList?code=22&trimCode=true&maxLevel=3
230100,哈尔滨市,prefecture_level_city,地级市,230000,黑龙江省,,,2025-12-31,https://dmfw.mca.gov.cn/xzqh/getList?code=23&trimCode=true&maxLevel=3
230183,尚志市,county_level_city,县级市,230000,黑龙江省,230100,哈尔滨市,2025-12-31,https://dmfw.mca.gov.cn/xzqh/getList?code=23&trimCode=true&maxLevel=3
230184,五常市,county_level_city,县级市,230000,黑龙江省,230100,哈尔滨市,2025-12-31,https://dmfw.mca.gov.cn/xzqh/getList?code=23&trimCode=true&maxLevel=3
230200,齐齐哈尔市,prefecture_level_city,地级市,230000,黑龙江省,,,2025-12-31,https://dmfw.mca.gov.cn/xzqh/getList?code=23&trimCode=true&maxLevel=3
230281,讷河市,county_level_city,县级市,230000,黑龙江省,230200,齐齐哈尔市,2025-12-31,https://dmfw.mca.gov.cn/xzqh/getList?code=23&trimCode=true&maxLevel=3
230300,鸡西市,prefecture_level_city,地级市,230000,黑龙江省,,,2025-12-31,https://dmfw.mca.gov.cn/xzqh/getList?code=23&trimCode=true&maxLevel=3
230381,虎林市,county_level_city,县级市,230000,黑龙江省,230300,鸡西市,2025-12-31,https://dmfw.mca.gov.cn/xzqh/getList?code=23&trimCode=true&maxLevel=3
230382,密山市,county_level_city,县级市,230000,黑龙江省,230300,鸡西市,2025-12-31,https://dmfw.mca.gov.cn/xzqh/getList?code=23&trimCode=true&maxLevel=3
230400,鹤岗市,prefecture_level_city,地级市,230000,黑龙江省,,,2025-12-31,https://dmfw.mca.gov.cn/xzqh/getList?code=23&trimCode=true&maxLevel=3
230500,双鸭山市,prefecture_level_city,地级市,230000,黑龙江省,,,2025-12-31,https://dmfw.mca.gov.cn/xzqh/getList?code=23&trimCode=true&maxLevel=3
230600,大庆市,prefecture_level_city,地级市,230000,黑龙江省,,,2025-12-31,https://dmfw.mca.gov.cn/xzqh/getList?code=23&trimCode=true&maxLevel=3
230700,伊春市,prefecture_level_city,地级市,230000,黑龙江省,,,2025-12-31,https://dmfw.mca.gov.cn/xzqh/getList?code=23&trimCode=true&maxLevel=3
230781,铁力市,county_level_city,县级市,230000,黑龙江省,230700,伊春市,2025-12-31,https://dmfw.mca.gov.cn/xzqh/getList?code=23&trimCode=true&maxLevel=3
230800,佳木斯市,prefecture_level_city,地级市,230000,黑龙江省,,,2025-12-31,https://dmfw.mca.gov.cn/xzqh/getList?code=23&trimCode=true&maxLevel=3
230881,同江市,county_level_city,县级市,230000,黑龙江省,230800,佳木斯市,2025-12-31,https://dmfw.mca.gov.cn/xzqh/getList?code=23&trimCode=true&maxLevel=3
230882,富锦市,county_level_city,县级市,230000,黑龙江省,230800,佳木斯市,2025-12-31,https://dmfw.mca.gov.cn/xzqh/getList?code=23&trimCode=true&maxLevel=3
230883,抚远市,county_level_city,县级市,230000,黑龙江省,230800,佳木斯市,2025-12-31,https://dmfw.mca.gov.cn/xzqh/getList?code=23&trimCode=true&maxLevel=3
230900,七台河市,prefecture_level_city,地级市,230000,黑龙江省,,,2025-12-31,https://dmfw.mca.gov.cn/xzqh/getList?code=23&trimCode=true&maxLevel=3
231000,牡丹江市,prefecture_level_city,地级市,230000,黑龙江省,,,2025-12-31,https://dmfw.mca.gov.cn/xzqh/getList?code=23&trimCode=true&maxLevel=3
231081,绥芬河市,county_level_city,县级市,230000,黑龙江省,231000,牡丹江市,2025-12-31,https://dmfw.mca.gov.cn/xzqh/getList?code=23&trimCode=true&maxLevel=3
231083,海林市,county_level_city,县级市,230000,黑龙江省,231000,牡丹江市,2025-12-31,https://dmfw.mca.gov.cn/xzqh/getList?code=23&trimCode=true&maxLevel=3
231084,宁安市,county_level_city,县级市,230000,黑龙江省,231000,牡丹江市,2025-12-31,https://dmfw.mca.gov.cn/xzqh/getList?code=23&trimCode=true&maxLevel=3
231085,穆棱市,county_level_city,县级市,230000,黑龙江省,231000,牡丹江市,2025-12-31,https://dmfw.mca.gov.cn/xzqh/getList?code=23&trimCode=true&maxLevel=3
231086,东宁市,county_level_city,县级市,230000,黑龙江省,231000,牡丹江市,2025-12-31,https://dmfw.mca.gov.cn/xzqh/getList?code=23&trimCode=true&maxLevel=3
231100,黑河市,prefecture_level_city,地级市,230000,黑龙江省,,,2025-12-31,https://dmfw.mca.gov.cn/xzqh/getList?code=23&trimCode=true&maxLevel=3
231181,北安市,county_level_city,县级市,230000,黑龙江省,231100,黑河市,2025-12-31,https://dmfw.mca.gov.cn/xzqh/getList?code=23&trimCode=true&maxLevel=3
231182,五大连池市,county_level_city,县级市,230000,黑龙江省,231100,黑河市,2025-12-31,https://dmfw.mca.gov.cn/xzqh/getList?code=23&trimCode=true&maxLevel=3
231183,嫩江市,county_level_city,县级市,230000,黑龙江省,231100,黑河市,2025-12-31,https://dmfw.mca.gov.cn/xzqh/getList?code=23&trimCode=true&maxLevel=3
231200,绥化市,prefecture_level_city,地级市,230000,黑龙江省,,,2025-12-31,https://dmfw.mca.gov.cn/xzqh/getList?code=23&trimCode=true&maxLevel=3
231281,安达市,county_level_city,县级市,230000,黑龙江省,231200,绥化市,2025-12-31,https://dmfw.mca.gov.cn/xzqh/getList?code=23&trimCode=true&maxLevel=3
231282,肇东市,county_level_city,县级市,230000,黑龙江省,231200,绥化市,2025-12-31,https://dmfw.mca.gov.cn/xzqh/getList?code=23&trimCode=true&maxLevel=3
231283,海伦市,county_level_city,县级市,230000,黑龙江省,231200,绥化市,2025-12-31,https://dmfw.mca.gov.cn/xzqh/getList?code=23&trimCode=true&maxLevel=3
232701,漠河市,county_level_city,县级市,230000,黑龙江省,232700,大兴安岭地区,2025-12-31,https://dmfw.mca.gov.cn/xzqh/getList?code=23&trimCode=true&maxLevel=3
310000,上海市,direct_municipality,直辖市,310000,上海市,,,2025-12-31,https://dmfw.mca.gov.cn/xzqh/getList?code=31&trimCode=true&maxLevel=3
320100,南京市,prefecture_level_city,地级市,320000,江苏省,,,2025-12-31,https://dmfw.mca.gov.cn/xzqh/getList?code=32&trimCode=true&maxLevel=3
320200,无锡市,prefecture_level_city,地级市,320000,江苏省,,,2025-12-31,https://dmfw.mca.gov.cn/xzqh/getList?code=32&trimCode=true&maxLevel=3
320281,江阴市,county_level_city,县级市,320000,江苏省,320200,无锡市,2025-12-31,https://dmfw.mca.gov.cn/xzqh/getList?code=32&trimCode=true&maxLevel=3
320282,宜兴市,county_level_city,县级市,320000,江苏省,320200,无锡市,2025-12-31,https://dmfw.mca.gov.cn/xzqh/getList?code=32&trimCode=true&maxLevel=3
320300,徐州市,prefecture_level_city,地级市,320000,江苏省,,,2025-12-31,https://dmfw.mca.gov.cn/xzqh/getList?code=32&trimCode=true&maxLevel=3
320381,新沂市,county_level_city,县级市,320000,江苏省,320300,徐州市,2025-12-31,https://dmfw.mca.gov.cn/xzqh/getList?code=32&trimCode=true&maxLevel=3
320382,邳州市,county_level_city,县级市,320000,江苏省,320300,徐州市,2025-12-31,https://dmfw.mca.gov.cn/xzqh/getList?code=32&trimCode=true&maxLevel=3
320400,常州市,prefecture_level_city,地级市,320000,江苏省,,,2025-12-31,https://dmfw.mca.gov.cn/xzqh/getList?code=32&trimCode=true&maxLevel=3
320481,溧阳市,county_level_city,县级市,320000,江苏省,320400,常州市,2025-12-31,https://dmfw.mca.gov.cn/xzqh/getList?code=32&trimCode=true&maxLevel=3
320500,苏州市,prefecture_level_city,地级市,320000,江苏省,,,2025-12-31,https://dmfw.mca.gov.cn/xzqh/getList?code=32&trimCode=true&maxLevel=3
320581,常熟市,county_level_city,县级市,320000,江苏省,320500,苏州市,2025-12-31,https://dmfw.mca.gov.cn/xzqh/getList?code=32&trimCode=true&maxLevel=3
320582,张家港市,county_level_city,县级市,320000,江苏省,320500,苏州市,2025-12-31,https://dmfw.mca.gov.cn/xzqh/getList?code=32&trimCode=true&maxLevel=3
320583,昆山市,county_level_city,县级市,320000,江苏省,320500,苏州市,2025-12-31,https://dmfw.mca.gov.cn/xzqh/getList?code=32&trimCode=true&maxLevel=3
320585,太仓市,county_level_city,县级市,320000,江苏省,320500,苏州市,2025-12-31,https://dmfw.mca.gov.cn/xzqh/getList?code=32&trimCode=true&maxLevel=3
320600,南通市,prefecture_level_city,地级市,320000,江苏省,,,2025-12-31,https://dmfw.mca.gov.cn/xzqh/getList?code=32&trimCode=true&maxLevel=3
320681,启东市,county_level_city,县级市,320000,江苏省,320600,南通市,2025-12-31,https://dmfw.mca.gov.cn/xzqh/getList?code=32&trimCode=true&maxLevel=3
320682,如皋市,county_level_city,县级市,320000,江苏省,320600,南通市,2025-12-31,https://dmfw.mca.gov.cn/xzqh/getList?code=32&trimCode=true&maxLevel=3
320685,海安市,county_level_city,县级市,320000,江苏省,320600,南通市,2025-12-31,https://dmfw.mca.gov.cn/xzqh/getList?code=32&trimCode=true&maxLevel=3
320700,连云港市,prefecture_level_city,地级市,320000,江苏省,,,2025-12-31,https://dmfw.mca.gov.cn/xzqh/getList?code=32&trimCode=true&maxLevel=3
320800,淮安市,prefecture_level_city,地级市,320000,江苏省,,,2025-12-31,https://dmfw.mca.gov.cn/xzqh/getList?code=32&trimCode=true&maxLevel=3
320900,盐城市,prefecture_level_city,地级市,320000,江苏省,,,2025-12-31,https://dmfw.mca.gov.cn/xzqh/getList?code=32&trimCode=true&maxLevel=3
320981,东台市,county_level_city,县级市,320000,江苏省,320900,盐城市,2025-12-31,https://dmfw.mca.gov.cn/xzqh/getList?code=32&trimCode=true&maxLevel=3
321000,扬州市,prefecture_level_city,地级市,320000,江苏省,,,2025-12-31,https://dmfw.mca.gov.cn/xzqh/getList?code=32&trimCode=true&maxLevel=3
321081,仪征市,county_level_city,县级市,320000,江苏省,321000,扬州市,2025-12-31,https://dmfw.mca.gov.cn/xzqh/getList?code=32&trimCode=true&maxLevel=3
321084,高邮市,county_level_city,县级市,320000,江苏省,321000,扬州市,2025-12-31,https://dmfw.mca.gov.cn/xzqh/getList?code=32&trimCode=true&maxLevel=3
321100,镇江市,prefecture_level_city,地级市,320000,江苏省,,,2025-12-31,https://dmfw.mca.gov.cn/xzqh/getList?code=32&trimCode=true&maxLevel=3
321181,丹阳市,county_level_city,县级市,320000,江苏省,321100,镇江市,2025-12-31,https://dmfw.mca.gov.cn/xzqh/getList?code=32&trimCode=true&maxLevel=3
321182,扬中市,county_level_city,县级市,320000,江苏省,321100,镇江市,2025-12-31,https://dmfw.mca.gov.cn/xzqh/getList?code=32&trimCode=true&maxLevel=3
321183,句容市,county_level_city,县级市,320000,江苏省,321100,镇江市,2025-12-31,https://dmfw.mca.gov.cn/xzqh/getList?code=32&trimCode=true&maxLevel=3
321200,泰州市,prefecture_level_city,地级市,320000,江苏省,,,2025-12-31,https://dmfw.mca.gov.cn/xzqh/getList?code=32&trimCode=true&maxLevel=3
321281,兴化市,county_level_city,县级市,320000,江苏省,321200,泰州市,2025-12-31,https://dmfw.mca.gov.cn/xzqh/getList?code=32&trimCode=true&maxLevel=3
321282,靖江市,county_level_city,县级市,320000,江苏省,321200,泰州市,2025-12-31,https://dmfw.mca.gov.cn/xzqh/getList?code=32&trimCode=true&maxLevel=3
321283,泰兴市,county_level_city,县级市,320000,江苏省,321200,泰州市,2025-12-31,https://dmfw.mca.gov.cn/xzqh/getList?code=32&trimCode=true&maxLevel=3
321300,宿迁市,prefecture_level_city,地级市,320000,江苏省,,,2025-12-31,https://dmfw.mca.gov.cn/xzqh/getList?code=32&trimCode=true&maxLevel=3
330100,杭州市,prefecture_level_city,地级市,330000,浙江省,,,2025-12-31,https://dmfw.mca.gov.cn/xzqh/getList?code=33&trimCode=true&maxLevel=3
330182,建德市,county_level_city,县级市,330000,浙江省,330100,杭州市,2025-12-31,https://dmfw.mca.gov.cn/xzqh/getList?code=33&trimCode=true&maxLevel=3
330200,宁波市,prefecture_level_city,地级市,330000,浙江省,,,2025-12-31,https://dmfw.mca.gov.cn/xzqh/getList?code=33&trimCode=true&maxLevel=3
330281,余姚市,county_level_city,县级市,330000,浙江省,330200,宁波市,2025-12-31,https://dmfw.mca.gov.cn/xzqh/getList?code=33&trimCode=true&maxLevel=3
330282,慈溪市,county_level_city,县级市,330000,浙江省,330200,宁波市,2025-12-31,https://dmfw.mca.gov.cn/xzqh/getList?code=33&trimCode=true&maxLevel=3
330300,温州市,prefecture_level_city,地级市,330000,浙江省,,,2025-12-31,https://dmfw.mca.gov.cn/xzqh/getList?code=33&trimCode=true&maxLevel=3
330381,瑞安市,county_level_city,县级市,330000,浙江省,330300,温州市,2025-12-31,https://dmfw.mca.gov.cn/xzqh/getList?code=33&trimCode=true&maxLevel=3
330382,乐清市,county_level_city,县级市,330000,浙江省,330300,温州市,2025-12-31,https://dmfw.mca.gov.cn/xzqh/getList?code=33&trimCode=true&maxLevel=3
330383,龙港市,county_level_city,县级市,330000,浙江省,330300,温州市,2025-12-31,https://dmfw.mca.gov.cn/xzqh/getList?code=33&trimCode=true&maxLevel=3
330400,嘉兴市,prefecture_level_city,地级市,330000,浙江省,,,2025-12-31,https://dmfw.mca.gov.cn/xzqh/getList?code=33&trimCode=true&maxLevel=3
330481,海宁市,county_level_city,县级市,330000,浙江省,330400,嘉兴市,2025-12-31,https://dmfw.mca.gov.cn/xzqh/getList?code=33&trimCode=true&maxLevel=3
330482,平湖市,county_level_city,县级市,330000,浙江省,330400,嘉兴市,2025-12-31,https://dmfw.mca.gov.cn/xzqh/getList?code=33&trimCode=true&maxLevel=3
330483,桐乡市,county_level_city,县级市,330000,浙江省,330400,嘉兴市,2025-12-31,https://dmfw.mca.gov.cn/xzqh/getList?code=33&trimCode=true&maxLevel=3
330500,湖州市,prefecture_level_city,地级市,330000,浙江省,,,2025-12-31,https://dmfw.mca.gov.cn/xzqh/getList?code=33&trimCode=true&maxLevel=3
330600,绍兴市,prefecture_level_city,地级市,330000,浙江省,,,2025-12-31,https://dmfw.mca.gov.cn/xzqh/getList?code=33&trimCode=true&maxLevel=3
330681,诸暨市,county_level_city,县级市,330000,浙江省,330600,绍兴市,2025-12-31,https://dmfw.mca.gov.cn/xzqh/getList?code=33&trimCode=true&maxLevel=3
330683,嵊州市,county_level_city,县级市,330000,浙江省,330600,绍兴市,2025-12-31,https://dmfw.mca.gov.cn/xzqh/getList?code=33&trimCode=true&maxLevel=3
330700,金华市,prefecture_level_city,地级市,330000,浙江省,,,2025-12-31,https://dmfw.mca.gov.cn/xzqh/getList?code=33&trimCode=true&maxLevel=3
330781,兰溪市,county_level_city,县级市,330000,浙江省,330700,金华市,2025-12-31,https://dmfw.mca.gov.cn/xzqh/getList?code=33&trimCode=true&maxLevel=3
330782,义乌市,county_level_city,县级市,330000,浙江省,330700,金华市,2025-12-31,https://dmfw.mca.gov.cn/xzqh/getList?code=33&trimCode=true&maxLevel=3
330783,东阳市,county_level_city,县级市,330000,浙江省,330700,金华市,2025-12-31,https://dmfw.mca.gov.cn/xzqh/getList?code=33&trimCode=true&maxLevel=3
330784,永康市,county_level_city,县级市,330000,浙江省,330700,金华市,2025-12-31,https://dmfw.mca.gov.cn/xzqh/getList?code=33&trimCode=true&maxLevel=3
330800,衢州市,prefecture_level_city,地级市,330000,浙江省,,,2025-12-31,https://dmfw.mca.gov.cn/xzqh/getList?code=33&trimCode=true&maxLevel=3
330881,江山市,county_level_city,县级市,330000,浙江省,330800,衢州市,2025-12-31,https://dmfw.mca.gov.cn/xzqh/getList?code=33&trimCode=true&maxLevel=3
330900,舟山市,prefecture_level_city,地级市,330000,浙江省,,,2025-12-31,https://dmfw.mca.gov.cn/xzqh/getList?code=33&trimCode=true&maxLevel=3
331000,台州市,prefecture_level_city,地级市,330000,浙江省,,,2025-12-31,https://dmfw.mca.gov.cn/xzqh/getList?code=33&trimCode=true&maxLevel=3
331081,温岭市,county_level_city,县级市,330000,浙江省,331000,台州市,2025-12-31,https://dmfw.mca.gov.cn/xzqh/getList?code=33&trimCode=true&maxLevel=3
331082,临海市,county_level_city,县级市,330000,浙江省,331000,台州市,2025-12-31,https://dmfw.mca.gov.cn/xzqh/getList?code=33&trimCode=true&maxLevel=3
331083,玉环市,county_level_city,县级市,330000,浙江省,331000,台州市,2025-12-31,https://dmfw.mca.gov.cn/xzqh/getList?code=33&trimCode=true&maxLevel=3
331100,丽水市,prefecture_level_city,地级市,330000,浙江省,,,2025-12-31,https://dmfw.mca.gov.cn/xzqh/getList?code=33&trimCode=true&maxLevel=3
331181,龙泉市,county_level_city,县级市,330000,浙江省,331100,丽水市,2025-12-31,https://dmfw.mca.gov.cn/xzqh/getList?code=33&trimCode=true&maxLevel=3
340100,合肥市,prefecture_level_city,地级市,340000,安徽省,,,2025-12-31,https://dmfw.mca.gov.cn/xzqh/getList?code=34&trimCode=true&maxLevel=3
340181,巢湖市,county_level_city,县级市,340000,安徽省,340100,合肥市,2025-12-31,https://dmfw.mca.gov.cn/xzqh/getList?code=34&trimCode=true&maxLevel=3
340200,芜湖市,prefecture_level_city,地级市,340000,安徽省,,,2025-12-31,https://dmfw.mca.gov.cn/xzqh/getList?code=34&trimCode=true&maxLevel=3
340281,无为市,county_level_city,县级市,340000,安徽省,340200,芜湖市,2025-12-31,https://dmfw.mca.gov.cn/xzqh/getList?code=34&trimCode=true&maxLevel=3
340300,蚌埠市,prefecture_level_city,地级市,340000,安徽省,,,2025-12-31,https://dmfw.mca.gov.cn/xzqh/getList?code=34&trimCode=true&maxLevel=3
340400,淮南市,prefecture_level_city,地级市,340000,安徽省,,,2025-12-31,https://dmfw.mca.gov.cn/xzqh/getList?code=34&trimCode=true&maxLevel=3
340500,马鞍山市,prefecture_level_city,地级市,340000,安徽省,,,2025-12-31,https://dmfw.mca.gov.cn/xzqh/getList?code=34&trimCode=true&maxLevel=3
340600,淮北市,prefecture_level_city,地级市,340000,安徽省,,,2025-12-31,https://dmfw.mca.gov.cn/xzqh/getList?code=34&trimCode=true&maxLevel=3
340700,铜陵市,prefecture_level_city,地级市,340000,安徽省,,,2025-12-31,https://dmfw.mca.gov.cn/xzqh/getList?code=34&trimCode=true&maxLevel=3
340800,安庆市,prefecture_level_city,地级市,340000,安徽省,,,2025-12-31,https://dmfw.mca.gov.cn/xzqh/getList?code=34&trimCode=true&maxLevel=3
340881,桐城市,county_level_city,县级市,340000,安徽省,340800,安庆市,2025-12-31,https://dmfw.mca.gov.cn/xzqh/getList?code=34&trimCode=true&maxLevel=3
340882,潜山市,county_level_city,县级市,340000,安徽省,340800,安庆市,2025-12-31,https://dmfw.mca.gov.cn/xzqh/getList?code=34&trimCode=true&maxLevel=3
341000,黄山市,prefecture_level_city,地级市,340000,安徽省,,,2025-12-31,https://dmfw.mca.gov.cn/xzqh/getList?code=34&trimCode=true&maxLevel=3
341100,滁州市,prefecture_level_city,地级市,340000,安徽省,,,2025-12-31,https://dmfw.mca.gov.cn/xzqh/getList?code=34&trimCode=true&maxLevel=3
341181,天长市,county_level_city,县级市,340000,安徽省,341100,滁州市,2025-12-31,https://dmfw.mca.gov.cn/xzqh/getList?code=34&trimCode=true&maxLevel=3
341182,明光市,county_level_city,县级市,340000,安徽省,341100,滁州市,2025-12-31,https://dmfw.mca.gov.cn/xzqh/getList?code=34&trimCode=true&maxLevel=3
341200,阜阳市,prefecture_level_city,地级市,340000,安徽省,,,2025-12-31,https://dmfw.mca.gov.cn/xzqh/getList?code=34&trimCode=true&maxLevel=3
341282,界首市,county_level_city,县级市,340000,安徽省,341200,阜阳市,2025-12-31,https://dmfw.mca.gov.cn/xzqh/getList?code=34&trimCode=true&maxLevel=3
341300,宿州市,prefecture_level_city,地级市,340000,安徽省,,,2025-12-31,https://dmfw.mca.gov.cn/xzqh/getList?code=34&trimCode=true&maxLevel=3
341500,六安市,prefecture_level_city,地级市,340000,安徽省,,,2025-12-31,https://dmfw.mca.gov.cn/xzqh/getList?code=34&trimCode=true&maxLevel=3
341600,亳州市,prefecture_level_city,地级市,340000,安徽省,,,2025-12-31,https://dmfw.mca.gov.cn/xzqh/getList?code=34&trimCode=true&maxLevel=3
341700,池州市,prefecture_level_city,地级市,340000,安徽省,,,2025-12-31,https://dmfw.mca.gov.cn/xzqh/getList?code=34&trimCode=true&maxLevel=3
341800,宣城市,prefecture_level_city,地级市,340000,安徽省,,,2025-12-31,https://dmfw.mca.gov.cn/xzqh/getList?code=34&trimCode=true&maxLevel=3
341881,宁国市,county_level_city,县级市,340000,安徽省,341800,宣城市,2025-12-31,https://dmfw.mca.gov.cn/xzqh/getList?code=34&trimCode=true&maxLevel=3
341882,广德市,county_level_city,县级市,340000,安徽省,341800,宣城市,2025-12-31,https://dmfw.mca.gov.cn/xzqh/getList?code=34&trimCode=true&maxLevel=3
350100,福州市,prefecture_level_city,地级市,350000,福建省,,,2025-12-31,https://dmfw.mca.gov.cn/xzqh/getList?code=35&trimCode=true&maxLevel=3
350181,福清市,county_level_city,县级市,350000,福建省,350100,福州市,2025-12-31,https://dmfw.mca.gov.cn/xzqh/getList?code=35&trimCode=true&maxLevel=3
350200,厦门市,prefecture_level_city,地级市,350000,福建省,,,2025-12-31,https://dmfw.mca.gov.cn/xzqh/getList?code=35&trimCode=true&maxLevel=3
350300,莆田市,prefecture_level_city,地级市,350000,福建省,,,2025-12-31,https://dmfw.mca.gov.cn/xzqh/getList?code=35&trimCode=true&maxLevel=3
350400,三明市,prefecture_level_city,地级市,350000,福建省,,,2025-12-31,https://dmfw.mca.gov.cn/xzqh/getList?code=35&trimCode=true&maxLevel=3
350481,永安市,county_level_city,县级市,350000,福建省,350400,三明市,2025-12-31,https://dmfw.mca.gov.cn/xzqh/getList?code=35&trimCode=true&maxLevel=3
350500,泉州市,prefecture_level_city,地级市,350000,福建省,,,2025-12-31,https://dmfw.mca.gov.cn/xzqh/getList?code=35&trimCode=true&maxLevel=3
350581,石狮市,county_level_city,县级市,350000,福建省,350500,泉州市,2025-12-31,https://dmfw.mca.gov.cn/xzqh/getList?code=35&trimCode=true&maxLevel=3
350582,晋江市,county_level_city,县级市,350000,福建省,350500,泉州市,2025-12-31,https://dmfw.mca.gov.cn/xzqh/getList?code=35&trimCode=true&maxLevel=3
350583,南安市,county_level_city,县级市,350000,福建省,350500,泉州市,2025-12-31,https://dmfw.mca.gov.cn/xzqh/getList?code=35&trimCode=true&maxLevel=3
350600,漳州市,prefecture_level_city,地级市,350000,福建省,,,2025-12-31,https://dmfw.mca.gov.cn/xzqh/getList?code=35&trimCode=true&maxLevel=3
350700,南平市,prefecture_level_city,地级市,350000,福建省,,,2025-12-31,https://dmfw.mca.gov.cn/xzqh/getList?code=35&trimCode=true&maxLevel=3
350781,邵武市,county_level_city,县级市,350000,福建省,350700,南平市,2025-12-31,https://dmfw.mca.gov.cn/xzqh/getList?code=35&trimCode=true&maxLevel=3
350782,武夷山市,county_level_city,县级市,350000,福建省,350700,南平市,2025-12-31,https://dmfw.mca.gov.cn/xzqh/getList?code=35&trimCode=true&maxLevel=3
350783,建瓯市,county_level_city,县级市,350000,福建省,350700,南平市,2025-12-31,https://dmfw.mca.gov.cn/xzqh/getList?code=35&trimCode=true&maxLevel=3
350800,龙岩市,prefecture_level_city,地级市,350000,福建省,,,2025-12-31,https://dmfw.mca.gov.cn/xzqh/getList?code=35&trimCode=true&maxLevel=3
350881,漳平市,county_level_city,县级市,350000,福建省,350800,龙岩市,2025-12-31,https://dmfw.mca.gov.cn/xzqh/getList?code=35&trimCode=true&maxLevel=3
350900,宁德市,prefecture_level_city,地级市,350000,福建省,,,2025-12-31,https://dmfw.mca.gov.cn/xzqh/getList?code=35&trimCode=true&maxLevel=3
350981,福安市,county_level_city,县级市,350000,福建省,350900,宁德市,2025-12-31,https://dmfw.mca.gov.cn/xzqh/getList?code=35&trimCode=true&maxLevel=3
350982,福鼎市,county_level_city,县级市,350000,福建省,350900,宁德市,2025-12-31,https://dmfw.mca.gov.cn/xzqh/getList?code=35&trimCode=true&maxLevel=3
360100,南昌市,prefecture_level_city,地级市,360000,江西省,,,2025-12-31,https://dmfw.mca.gov.cn/xzqh/getList?code=36&trimCode=true&maxLevel=3
360200,景德镇市,prefecture_level_city,地级市,360000,江西省,,,2025-12-31,https://dmfw.mca.gov.cn/xzqh/getList?code=36&trimCode=true&maxLevel=3
360281,乐平市,county_level_city,县级市,360000,江西省,360200,景德镇市,2025-12-31,https://dmfw.mca.gov.cn/xzqh/getList?code=36&trimCode=true&maxLevel=3
360300,萍乡市,prefecture_level_city,地级市,360000,江西省,,,2025-12-31,https://dmfw.mca.gov.cn/xzqh/getList?code=36&trimCode=true&maxLevel=3
360400,九江市,prefecture_level_city,地级市,360000,江西省,,,2025-12-31,https://dmfw.mca.gov.cn/xzqh/getList?code=36&trimCode=true&maxLevel=3
360481,瑞昌市,county_level_city,县级市,360000,江西省,360400,九江市,2025-12-31,https://dmfw.mca.gov.cn/xzqh/getList?code=36&trimCode=true&maxLevel=3
360482,共青城市,county_level_city,县级市,360000,江西省,360400,九江市,2025-12-31,https://dmfw.mca.gov.cn/xzqh/getList?code=36&trimCode=true&maxLevel=3
360483,庐山市,county_level_city,县级市,360000,江西省,360400,九江市,2025-12-31,https://dmfw.mca.gov.cn/xzqh/getList?code=36&trimCode=true&maxLevel=3
360500,新余市,prefecture_level_city,地级市,360000,江西省,,,2025-12-31,https://dmfw.mca.gov.cn/xzqh/getList?code=36&trimCode=true&maxLevel=3
360600,鹰潭市,prefecture_level_city,地级市,360000,江西省,,,2025-12-31,https://dmfw.mca.gov.cn/xzqh/getList?code=36&trimCode=true&maxLevel=3
360681,贵溪市,county_level_city,县级市,360000,江西省,360600,鹰潭市,2025-12-31,https://dmfw.mca.gov.cn/xzqh/getList?code=36&trimCode=true&maxLevel=3
360700,赣州市,prefecture_level_city,地级市,360000,江西省,,,2025-12-31,https://dmfw.mca.gov.cn/xzqh/getList?code=36&trimCode=true&maxLevel=3
360781,瑞金市,county_level_city,县级市,360000,江西省,360700,赣州市,2025-12-31,https://dmfw.mca.gov.cn/xzqh/getList?code=36&trimCode=true&maxLevel=3
360783,龙南市,county_level_city,县级市,360000,江西省,360700,赣州市,2025-12-31,https://dmfw.mca.gov.cn/xzqh/getList?code=36&trimCode=true&maxLevel=3
360800,吉安市,prefecture_level_city,地级市,360000,江西省,,,2025-12-31,https://dmfw.mca.gov.cn/xzqh/getList?code=36&trimCode=true&maxLevel=3
360881,井冈山市,county_level_city,县级市,360000,江西省,360800,吉安市,2025-12-31,https://dmfw.mca.gov.cn/xzqh/getList?code=36&trimCode=true&maxLevel=3
360900,宜春市,prefecture_level_city,地级市,360000,江西省,,,2025-12-31,https://dmfw.mca.gov.cn/xzqh/getList?code=36&trimCode=true&maxLevel=3
360981,丰城市,county_level_city,县级市,360000,江西省,360900,宜春市,2025-12-31,https://dmfw.mca.gov.cn/xzqh/getList?code=36&trimCode=true&maxLevel=3
360982,樟树市,county_level_city,县级市,360000,江西省,360900,宜春市,2025-12-31,https://dmfw.mca.gov.cn/xzqh/getList?code=36&trimCode=true&maxLevel=3
360983,高安市,county_level_city,县级市,360000,江西省,360900,宜春市,2025-12-31,https://dmfw.mca.gov.cn/xzqh/getList?code=36&trimCode=true&maxLevel=3
361000,抚州市,prefecture_level_city,地级市,360000,江西省,,,2025-12-31,https://dmfw.mca.gov.cn/xzqh/getList?code=36&trimCode=true&maxLevel=3
361100,上饶市,prefecture_level_city,地级市,360000,江西省,,,2025-12-31,https://dmfw.mca.gov.cn/xzqh/getList?code=36&trimCode=true&maxLevel=3
361181,德兴市,county_level_city,县级市,360000,江西省,361100,上饶市,2025-12-31,https://dmfw.mca.gov.cn/xzqh/getList?code=36&trimCode=true&maxLevel=3
370100,济南市,prefecture_level_city,地级市,370000,山东省,,,2025-12-31,https://dmfw.mca.gov.cn/xzqh/getList?code=37&trimCode=true&maxLevel=3
370200,青岛市,prefecture_level_city,地级市,370000,山东省,,,2025-12-31,https://dmfw.mca.gov.cn/xzqh/getList?code=37&trimCode=true&maxLevel=3
370281,胶州市,county_level_city,县级市,370000,山东省,370200,青岛市,2025-12-31,https://dmfw.mca.gov.cn/xzqh/getList?code=37&trimCode=true&maxLevel=3
370283,平度市,county_level_city,县级市,370000,山东省,370200,青岛市,2025-12-31,https://dmfw.mca.gov.cn/xzqh/getList?code=37&trimCode=true&maxLevel=3
370285,莱西市,county_level_city,县级市,370000,山东省,370200,青岛市,2025-12-31,https://dmfw.mca.gov.cn/xzqh/getList?code=37&trimCode=true&maxLevel=3
370300,淄博市,prefecture_level_city,地级市,370000,山东省,,,2025-12-31,https://dmfw.mca.gov.cn/xzqh/getList?code=37&trimCode=true&maxLevel=3
370400,枣庄市,prefecture_level_city,地级市,370000,山东省,,,2025-12-31,https://dmfw.mca.gov.cn/xzqh/getList?code=37&trimCode=true&maxLevel=3
370481,滕州市,county_level_city,县级市,370000,山东省,370400,枣庄市,2025-12-31,https://dmfw.mca.gov.cn/xzqh/getList?code=37&trimCode=true&maxLevel=3
370500,东营市,prefecture_level_city,地级市,370000,山东省,,,2025-12-31,https://dmfw.mca.gov.cn/xzqh/getList?code=37&trimCode=true&maxLevel=3
370600,烟台市,prefecture_level_city,地级市,370000,山东省,,,2025-12-31,https://dmfw.mca.gov.cn/xzqh/getList?code=37&trimCode=true&maxLevel=3
370681,龙口市,county_level_city,县级市,370000,山东省,370600,烟台市,2025-12-31,https://dmfw.mca.gov.cn/xzqh/getList?code=37&trimCode=true&maxLevel=3
370682,莱阳市,county_level_city,县级市,370000,山东省,370600,烟台市,2025-12-31,https://dmfw.mca.gov.cn/xzqh/getList?code=37&trimCode=true&maxLevel=3
370683,莱州市,county_level_city,县级市,370000,山东省,370600,烟台市,2025-12-31,https://dmfw.mca.gov.cn/xzqh/getList?code=37&trimCode=true&maxLevel=3
370685,招远市,county_level_city,县级市,370000,山东省,370600,烟台市,2025-12-31,https://dmfw.mca.gov.cn/xzqh/getList?code=37&trimCode=true&maxLevel=3
370686,栖霞市,county_level_city,县级市,370000,山东省,370600,烟台市,2025-12-31,https://dmfw.mca.gov.cn/xzqh/getList?code=37&trimCode=true&maxLevel=3
370687,海阳市,county_level_city,县级市,370000,山东省,370600,烟台市,2025-12-31,https://dmfw.mca.gov.cn/xzqh/getList?code=37&trimCode=true&maxLevel=3
370700,潍坊市,prefecture_level_city,地级市,370000,山东省,,,2025-12-31,https://dmfw.mca.gov.cn/xzqh/getList?code=37&trimCode=true&maxLevel=3
370781,青州市,county_level_city,县级市,370000,山东省,370700,潍坊市,2025-12-31,https://dmfw.mca.gov.cn/xzqh/getList?code=37&trimCode=true&maxLevel=3
370782,诸城市,county_level_city,县级市,370000,山东省,370700,潍坊市,2025-12-31,https://dmfw.mca.gov.cn/xzqh/getList?code=37&trimCode=true&maxLevel=3
370783,寿光市,county_level_city,县级市,370000,山东省,370700,潍坊市,2025-12-31,https://dmfw.mca.gov.cn/xzqh/getList?code=37&trimCode=true&maxLevel=3
370784,安丘市,county_level_city,县级市,370000,山东省,370700,潍坊市,2025-12-31,https://dmfw.mca.gov.cn/xzqh/getList?code=37&trimCode=true&maxLevel=3
370785,高密市,county_level_city,县级市,370000,山东省,370700,潍坊市,2025-12-31,https://dmfw.mca.gov.cn/xzqh/getList?code=37&trimCode=true&maxLevel=3
370786,昌邑市,county_level_city,县级市,370000,山东省,370700,潍坊市,2025-12-31,https://dmfw.mca.gov.cn/xzqh/getList?code=37&trimCode=true&maxLevel=3
370800,济宁市,prefecture_level_city,地级市,370000,山东省,,,2025-12-31,https://dmfw.mca.gov.cn/xzqh/getList?code=37&trimCode=true&maxLevel=3
370881,曲阜市,county_level_city,县级市,370000,山东省,370800,济宁市,2025-12-31,https://dmfw.mca.gov.cn/xzqh/getList?code=37&trimCode=true&maxLevel=3
370883,邹城市,county_level_city,县级市,370000,山东省,370800,济宁市,2025-12-31,https://dmfw.mca.gov.cn/xzqh/getList?code=37&trimCode=true&maxLevel=3
370900,泰安市,prefecture_level_city,地级市,370000,山东省,,,2025-12-31,https://dmfw.mca.gov.cn/xzqh/getList?code=37&trimCode=true&maxLevel=3
370982,新泰市,county_level_city,县级市,370000,山东省,370900,泰安市,2025-12-31,https://dmfw.mca.gov.cn/xzqh/getList?code=37&trimCode=true&maxLevel=3
370983,肥城市,county_level_city,县级市,370000,山东省,370900,泰安市,2025-12-31,https://dmfw.mca.gov.cn/xzqh/getList?code=37&trimCode=true&maxLevel=3
371000,威海市,prefecture_level_city,地级市,370000,山东省,,,2025-12-31,https://dmfw.mca.gov.cn/xzqh/getList?code=37&trimCode=true&maxLevel=3
371082,荣成市,county_level_city,县级市,370000,山东省,371000,威海市,2025-12-31,https://dmfw.mca.gov.cn/xzqh/getList?code=37&trimCode=true&maxLevel=3
371083,乳山市,county_level_city,县级市,370000,山东省,371000,威海市,2025-12-31,https://dmfw.mca.gov.cn/xzqh/getList?code=37&trimCode=true&maxLevel=3
371100,日照市,prefecture_level_city,地级市,370000,山东省,,,2025-12-31,https://dmfw.mca.gov.cn/xzqh/getList?code=37&trimCode=true&maxLevel=3
371300,临沂市,prefecture_level_city,地级市,370000,山东省,,,2025-12-31,https://dmfw.mca.gov.cn/xzqh/getList?code=37&trimCode=true&maxLevel=3
371400,德州市,prefecture_level_city,地级市,370000,山东省,,,2025-12-31,https://dmfw.mca.gov.cn/xzqh/getList?code=37&trimCode=true&maxLevel=3
371481,乐陵市,county_level_city,县级市,370000,山东省,371400,德州市,2025-12-31,https://dmfw.mca.gov.cn/xzqh/getList?code=37&trimCode=true&maxLevel=3
371482,禹城市,county_level_city,县级市,370000,山东省,371400,德州市,2025-12-31,https://dmfw.mca.gov.cn/xzqh/getList?code=37&trimCode=true&maxLevel=3
371500,聊城市,prefecture_level_city,地级市,370000,山东省,,,2025-12-31,https://dmfw.mca.gov.cn/xzqh/getList?code=37&trimCode=true&maxLevel=3
371581,临清市,county_level_city,县级市,370000,山东省,371500,聊城市,2025-12-31,https://dmfw.mca.gov.cn/xzqh/getList?code=37&trimCode=true&maxLevel=3
371600,滨州市,prefecture_level_city,地级市,370000,山东省,,,2025-12-31,https://dmfw.mca.gov.cn/xzqh/getList?code=37&trimCode=true&maxLevel=3
371681,邹平市,county_level_city,县级市,370000,山东省,371600,滨州市,2025-12-31,https://dmfw.mca.gov.cn/xzqh/getList?code=37&trimCode=true&maxLevel=3
371700,菏泽市,prefecture_level_city,地级市,370000,山东省,,,2025-12-31,https://dmfw.mca.gov.cn/xzqh/getList?code=37&trimCode=true&maxLevel=3
410100,郑州市,prefecture_level_city,地级市,410000,河南省,,,2025-12-31,https://dmfw.mca.gov.cn/xzqh/getList?code=41&trimCode=true&maxLevel=3
410181,巩义市,county_level_city,县级市,410000,河南省,410100,郑州市,2025-12-31,https://dmfw.mca.gov.cn/xzqh/getList?code=41&trimCode=true&maxLevel=3
410182,荥阳市,county_level_city,县级市,410000,河南省,410100,郑州市,2025-12-31,https://dmfw.mca.gov.cn/xzqh/getList?code=41&trimCode=true&maxLevel=3
410183,新密市,county_level_city,县级市,410000,河南省,410100,郑州市,2025-12-31,https://dmfw.mca.gov.cn/xzqh/getList?code=41&trimCode=true&maxLevel=3
410184,新郑市,county_level_city,县级市,410000,河南省,410100,郑州市,2025-12-31,https://dmfw.mca.gov.cn/xzqh/getList?code=41&trimCode=true&maxLevel=3
410185,登封市,county_level_city,县级市,410000,河南省,410100,郑州市,2025-12-31,https://dmfw.mca.gov.cn/xzqh/getList?code=41&trimCode=true&maxLevel=3
410200,开封市,prefecture_level_city,地级市,410000,河南省,,,2025-12-31,https://dmfw.mca.gov.cn/xzqh/getList?code=41&trimCode=true&maxLevel=3
410300,洛阳市,prefecture_level_city,地级市,410000,河南省,,,2025-12-31,https://dmfw.mca.gov.cn/xzqh/getList?code=41&trimCode=true&maxLevel=3
410400,平顶山市,prefecture_level_city,地级市,410000,河南省,,,2025-12-31,https://dmfw.mca.gov.cn/xzqh/getList?code=41&trimCode=true&maxLevel=3
410481,舞钢市,county_level_city,县级市,410000,河南省,410400,平顶山市,2025-12-31,https://dmfw.mca.gov.cn/xzqh/getList?code=41&trimCode=true&maxLevel=3
410482,汝州市,county_level_city,县级市,410000,河南省,410400,平顶山市,2025-12-31,https://dmfw.mca.gov.cn/xzqh/getList?code=41&trimCode=true&maxLevel=3
410500,安阳市,prefecture_level_city,地级市,410000,河南省,,,2025-12-31,https://dmfw.mca.gov.cn/xzqh/getList?code=41&trimCode=true&maxLevel=3
410581,林州市,county_level_city,县级市,410000,河南省,410500,安阳市,2025-12-31,https://dmfw.mca.gov.cn/xzqh/getList?code=41&trimCode=true&maxLevel=3
410600,鹤壁市,prefecture_level_city,地级市,410000,河南省,,,2025-12-31,https://dmfw.mca.gov.cn/xzqh/getList?code=41&trimCode=true&maxLevel=3
410700,新乡市,prefecture_level_city,地级市,410000,河南省,,,2025-12-31,https://dmfw.mca.gov.cn/xzqh/getList?code=41&trimCode=true&maxLevel=3
410781,卫辉市,county_level_city,县级市,410000,河南省,410700,新乡市,2025-12-31,https://dmfw.mca.gov.cn/xzqh/getList?code=41&trimCode=true&maxLevel=3
410782,辉县市,county_level_city,县级市,410000,河南省,410700,新乡市,2025-12-31,https://dmfw.mca.gov.cn/xzqh/getList?code=41&trimCode=true&maxLevel=3
410783,长垣市,county_level_city,县级市,410000,河南省,410700,新乡市,2025-12-31,https://dmfw.mca.gov.cn/xzqh/getList?code=41&trimCode=true&maxLevel=3
410800,焦作市,prefecture_level_city,地级市,410000,河南省,,,2025-12-31,https://dmfw.mca.gov.cn/xzqh/getList?code=41&trimCode=true&maxLevel=3
410882,沁阳市,county_level_city,县级市,410000,河南省,410800,焦作市,2025-12-31,https://dmfw.mca.gov.cn/xzqh/getList?code=41&trimCode=true&maxLevel=3
410883,孟州市,county_level_city,县级市,410000,河南省,410800,焦作市,2025-12-31,https://dmfw.mca.gov.cn/xzqh/getList?code=41&trimCode=true&maxLevel=3
410900,濮阳市,prefecture_level_city,地级市,410000,河南省,,,2025-12-31,https://dmfw.mca.gov.cn/xzqh/getList?code=41&trimCode=true&maxLevel=3
411000,许昌市,prefecture_level_city,地级市,410000,河南省,,,2025-12-31,https://dmfw.mca.gov.cn/xzqh/getList?code=41&trimCode=true&maxLevel=3
411081,禹州市,county_level_city,县级市,410000,河南省,411000,许昌市,2025-12-31,https://dmfw.mca.gov.cn/xzqh/getList?code=41&trimCode=true&maxLevel=3
411082,长葛市,county_level_city,县级市,410000,河南省,411000,许昌市,2025-12-31,https://dmfw.mca.gov.cn/xzqh/getList?code=41&trimCode=true&maxLevel=3
411100,漯河市,prefecture_level_city,地级市,410000,河南省,,,2025-12-31,https://dmfw.mca.gov.cn/xzqh/getList?code=41&trimCode=true&maxLevel=3
411200,三门峡市,prefecture_level_city,地级市,410000,河南省,,,2025-12-31,https://dmfw.mca.gov.cn/xzqh/getList?code=41&trimCode=true&maxLevel=3
411281,义马市,county_level_city,县级市,410000,河南省,411200,三门峡市,2025-12-31,https://dmfw.mca.gov.cn/xzqh/getList?code=41&trimCode=true&maxLevel=3
411282,灵宝市,county_level_city,县级市,410000,河南省,411200,三门峡市,2025-12-31,https://dmfw.mca.gov.cn/xzqh/getList?code=41&trimCode=true&maxLevel=3
411300,南阳市,prefecture_level_city,地级市,410000,河南省,,,2025-12-31,https://dmfw.mca.gov.cn/xzqh/getList?code=41&trimCode=true&maxLevel=3
411381,邓州市,county_level_city,县级市,410000,河南省,411300,南阳市,2025-12-31,https://dmfw.mca.gov.cn/xzqh/getList?code=41&trimCode=true&maxLevel=3
411400,商丘市,prefecture_level_city,地级市,410000,河南省,,,2025-12-31,https://dmfw.mca.gov.cn/xzqh/getList?code=41&trimCode=true&maxLevel=3
411481,永城市,county_level_city,县级市,410000,河南省,411400,商丘市,2025-12-31,https://dmfw.mca.gov.cn/xzqh/getList?code=41&trimCode=true&maxLevel=3
411500,信阳市,prefecture_level_city,地级市,410000,河南省,,,2025-12-31,https://dmfw.mca.gov.cn/xzqh/getList?code=41&trimCode=true&maxLevel=3
411600,周口市,prefecture_level_city,地级市,410000,河南省,,,2025-12-31,https://dmfw.mca.gov.cn/xzqh/getList?code=41&trimCode=true&maxLevel=3
411681,项城市,county_level_city,县级市,410000,河南省,411600,周口市,2025-12-31,https://dmfw.mca.gov.cn/xzqh/getList?code=41&trimCode=true&maxLevel=3
411700,驻马店市,prefecture_level_city,地级市,410000,河南省,,,2025-12-31,https://dmfw.mca.gov.cn/xzqh/getList?code=41&trimCode=true&maxLevel=3
419001,济源市,county_level_city,县级市,410000,河南省,,,2025-12-31,https://dmfw.mca.gov.cn/xzqh/getList?code=41&trimCode=true&maxLevel=3
420100,武汉市,prefecture_level_city,地级市,420000,湖北省,,,2025-12-31,https://dmfw.mca.gov.cn/xzqh/getList?code=42&trimCode=true&maxLevel=3
420200,黄石市,prefecture_level_city,地级市,420000,湖北省,,,2025-12-31,https://dmfw.mca.gov.cn/xzqh/getList?code=42&trimCode=true&maxLevel=3
420281,大冶市,county_level_city,县级市,420000,湖北省,420200,黄石市,2025-12-31,https://dmfw.mca.gov.cn/xzqh/getList?code=42&trimCode=true&maxLevel=3
420300,十堰市,prefecture_level_city,地级市,420000,湖北省,,,2025-12-31,https://dmfw.mca.gov.cn/xzqh/getList?code=42&trimCode=true&maxLevel=3
420381,丹江口市,county_level_city,县级市,420000,湖北省,420300,十堰市,2025-12-31,https://dmfw.mca.gov.cn/xzqh/getList?code=42&trimCode=true&maxLevel=3
420500,宜昌市,prefecture_level_city,地级市,420000,湖北省,,,2025-12-31,https://dmfw.mca.gov.cn/xzqh/getList?code=42&trimCode=true&maxLevel=3
420581,宜都市,county_level_city,县级市,420000,湖北省,420500,宜昌市,2025-12-31,https://dmfw.mca.gov.cn/xzqh/getList?code=42&trimCode=true&maxLevel=3
420582,当阳市,county_level_city,县级市,420000,湖北省,420500,宜昌市,2025-12-31,https://dmfw.mca.gov.cn/xzqh/getList?code=42&trimCode=true&maxLevel=3
420583,枝江市,county_level_city,县级市,420000,湖北省,420500,宜昌市,2025-12-31,https://dmfw.mca.gov.cn/xzqh/getList?code=42&trimCode=true&maxLevel=3
420600,襄阳市,prefecture_level_city,地级市,420000,湖北省,,,2025-12-31,https://dmfw.mca.gov.cn/xzqh/getList?code=42&trimCode=true&maxLevel=3
420682,老河口市,county_level_city,县级市,420000,湖北省,420600,襄阳市,2025-12-31,https://dmfw.mca.gov.cn/xzqh/getList?code=42&trimCode=true&maxLevel=3
420683,枣阳市,county_level_city,县级市,420000,湖北省,420600,襄阳市,2025-12-31,https://dmfw.mca.gov.cn/xzqh/getList?code=42&trimCode=true&maxLevel=3
420684,宜城市,county_level_city,县级市,420000,湖北省,420600,襄阳市,2025-12-31,https://dmfw.mca.gov.cn/xzqh/getList?code=42&trimCode=true&maxLevel=3
420700,鄂州市,prefecture_level_city,地级市,420000,湖北省,,,2025-12-31,https://dmfw.mca.gov.cn/xzqh/getList?code=42&trimCode=true&maxLevel=3
420800,荆门市,prefecture_level_city,地级市,420000,湖北省,,,2025-12-31,https://dmfw.mca.gov.cn/xzqh/getList?code=42&trimCode=true&maxLevel=3
420881,钟祥市,county_level_city,县级市,420000,湖北省,420800,荆门市,2025-12-31,https://dmfw.mca.gov.cn/xzqh/getList?code=42&trimCode=true&maxLevel=3
420882,京山市,county_level_city,县级市,420000,湖北省,420800,荆门市,2025-12-31,https://dmfw.mca.gov.cn/xzqh/getList?code=42&trimCode=true&maxLevel=3
420900,孝感市,prefecture_level_city,地级市,420000,湖北省,,,2025-12-31,https://dmfw.mca.gov.cn/xzqh/getList?code=42&trimCode=true&maxLevel=3
420981,应城市,county_level_city,县级市,420000,湖北省,420900,孝感市,2025-12-31,https://dmfw.mca.gov.cn/xzqh/getList?code=42&trimCode=true&maxLevel=3
420982,安陆市,county_level_city,县级市,420000,湖北省,420900,孝感市,2025-12-31,https://dmfw.mca.gov.cn/xzqh/getList?code=42&trimCode=true&maxLevel=3
420984,汉川市,county_level_city,县级市,420000,湖北省,420900,孝感市,2025-12-31,https://dmfw.mca.gov.cn/xzqh/getList?code=42&trimCode=true&maxLevel=3
421000,荆州市,prefecture_level_city,地级市,420000,湖北省,,,2025-12-31,https://dmfw.mca.gov.cn/xzqh/getList?code=42&trimCode=true&maxLevel=3
421081,石首市,county_level_city,县级市,420000,湖北省,421000,荆州市,2025-12-31,https://dmfw.mca.gov.cn/xzqh/getList?code=42&trimCode=true&maxLevel=3
421083,洪湖市,county_level_city,县级市,420000,湖北省,421000,荆州市,2025-12-31,https://dmfw.mca.gov.cn/xzqh/getList?code=42&trimCode=true&maxLevel=3
421087,松滋市,county_level_city,县级市,420000,湖北省,421000,荆州市,2025-12-31,https://dmfw.mca.gov.cn/xzqh/getList?code=42&trimCode=true&maxLevel=3
421088,监利市,county_level_city,县级市,420000,湖北省,421000,荆州市,2025-12-31,https://dmfw.mca.gov.cn/xzqh/getList?code=42&trimCode=true&maxLevel=3
421100,黄冈市,prefecture_level_city,地级市,420000,湖北省,,,2025-12-31,https://dmfw.mca.gov.cn/xzqh/getList?code=42&trimCode=true&maxLevel=3
421181,麻城市,county_level_city,县级市,420000,湖北省,421100,黄冈市,2025-12-31,https://dmfw.mca.gov.cn/xzqh/getList?code=42&trimCode=true&maxLevel=3
421182,武穴市,county_level_city,县级市,420000,湖北省,421100,黄冈市,2025-12-31,https://dmfw.mca.gov.cn/xzqh/getList?code=42&trimCode=true&maxLevel=3
421200,咸宁市,prefecture_level_city,地级市,420000,湖北省,,,2025-12-31,https://dmfw.mca.gov.cn/xzqh/getList?code=42&trimCode=true&maxLevel=3
421281,赤壁市,county_level_city,县级市,420000,湖北省,421200,咸宁市,2025-12-31,https://dmfw.mca.gov.cn/xzqh/getList?code=42&trimCode=true&maxLevel=3
421300,随州市,prefecture_level_city,地级市,420000,湖北省,,,2025-12-31,https://dmfw.mca.gov.cn/xzqh/getList?code=42&trimCode=true&maxLevel=3
421381,广水市,county_level_city,县级市,420000,湖北省,421300,随州市,2025-12-31,https://dmfw.mca.gov.cn/xzqh/getList?code=42&trimCode=true&maxLevel=3
422801,恩施市,county_level_city,县级市,420000,湖北省,422800,恩施土家族苗族自治州,2025-12-31,https://dmfw.mca.gov.cn/xzqh/getList?code=42&trimCode=true&maxLevel=3
422802,利川市,county_level_city,县级市,420000,湖北省,422800,恩施土家族苗族自治州,2025-12-31,https://dmfw.mca.gov.cn/xzqh/getList?code=42&trimCode=true&maxLevel=3
429004,仙桃市,county_level_city,县级市,420000,湖北省,,,2025-12-31,https://dmfw.mca.gov.cn/xzqh/getList?code=42&trimCode=true&maxLevel=3
429005,潜江市,county_level_city,县级市,420000,湖北省,,,2025-12-31,https://dmfw.mca.gov.cn/xzqh/getList?code=42&trimCode=true&maxLevel=3
429006,天门市,county_level_city,县级市,420000,湖北省,,,2025-12-31,https://dmfw.mca.gov.cn/xzqh/getList?code=42&trimCode=true&maxLevel=3
430100,长沙市,prefecture_level_city,地级市,430000,湖南省,,,2025-12-31,https://dmfw.mca.gov.cn/xzqh/getList?code=43&trimCode=true&maxLevel=3
430181,浏阳市,county_level_city,县级市,430000,湖南省,430100,长沙市,2025-12-31,https://dmfw.mca.gov.cn/xzqh/getList?code=43&trimCode=true&maxLevel=3
430182,宁乡市,county_level_city,县级市,430000,湖南省,430100,长沙市,2025-12-31,https://dmfw.mca.gov.cn/xzqh/getList?code=43&trimCode=true&maxLevel=3
430200,株洲市,prefecture_level_city,地级市,430000,湖南省,,,2025-12-31,https://dmfw.mca.gov.cn/xzqh/getList?code=43&trimCode=true&maxLevel=3
430281,醴陵市,county_level_city,县级市,430000,湖南省,430200,株洲市,2025-12-31,https://dmfw.mca.gov.cn/xzqh/getList?code=43&trimCode=true&maxLevel=3
430300,湘潭市,prefecture_level_city,地级市,430000,湖南省,,,2025-12-31,https://dmfw.mca.gov.cn/xzqh/getList?code=43&trimCode=true&maxLevel=3
430381,湘乡市,county_level_city,县级市,430000,湖南省,430300,湘潭市,2025-12-31,https://dmfw.mca.gov.cn/xzqh/getList?code=43&trimCode=true&maxLevel=3
430382,韶山市,county_level_city,县级市,430000,湖南省,430300,湘潭市,2025-12-31,https://dmfw.mca.gov.cn/xzqh/getList?code=43&trimCode=true&maxLevel=3
430400,衡阳市,prefecture_level_city,地级市,430000,湖南省,,,2025-12-31,https://dmfw.mca.gov.cn/xzqh/getList?code=43&trimCode=true&maxLevel=3
430481,耒阳市,county_level_city,县级市,430000,湖南省,430400,衡阳市,2025-12-31,https://dmfw.mca.gov.cn/xzqh/getList?code=43&trimCode=true&maxLevel=3
430482,常宁市,county_level_city,县级市,430000,湖南省,430400,衡阳市,2025-12-31,https://dmfw.mca.gov.cn/xzqh/getList?code=43&trimCode=true&maxLevel=3
430500,邵阳市,prefecture_level_city,地级市,430000,湖南省,,,2025-12-31,https://dmfw.mca.gov.cn/xzqh/getList?code=43&trimCode=true&maxLevel=3
430581,武冈市,county_level_city,县级市,430000,湖南省,430500,邵阳市,2025-12-31,https://dmfw.mca.gov.cn/xzqh/getList?code=43&trimCode=true&maxLevel=3
430582,邵东市,county_level_city,县级市,430000,湖南省,430500,邵阳市,2025-12-31,https://dmfw.mca.gov.cn/xzqh/getList?code=43&trimCode=true&maxLevel=3
430600,岳阳市,prefecture_level_city,地级市,430000,湖南省,,,2025-12-31,https://dmfw.mca.gov.cn/xzqh/getList?code=43&trimCode=true&maxLevel=3
430681,汨罗市,county_level_city,县级市,430000,湖南省,430600,岳阳市,2025-12-31,https://dmfw.mca.gov.cn/xzqh/getList?code=43&trimCode=true&maxLevel=3
430682,临湘市,county_level_city,县级市,430000,湖南省,430600,岳阳市,2025-12-31,https://dmfw.mca.gov.cn/xzqh/getList?code=43&trimCode=true&maxLevel=3
430700,常德市,prefecture_level_city,地级市,430000,湖南省,,,2025-12-31,https://dmfw.mca.gov.cn/xzqh/getList?code=43&trimCode=true&maxLevel=3
430781,津市市,county_level_city,县级市,430000,湖南省,430700,常德市,2025-12-31,https://dmfw.mca.gov.cn/xzqh/getList?code=43&trimCode=true&maxLevel=3
430800,张家界市,prefecture_level_city,地级市,430000,湖南省,,,2025-12-31,https://dmfw.mca.gov.cn/xzqh/getList?code=43&trimCode=true&maxLevel=3
430900,益阳市,prefecture_level_city,地级市,430000,湖南省,,,2025-12-31,https://dmfw.mca.gov.cn/xzqh/getList?code=43&trimCode=true&maxLevel=3
430981,沅江市,county_level_city,县级市,430000,湖南省,430900,益阳市,2025-12-31,https://dmfw.mca.gov.cn/xzqh/getList?code=43&trimCode=true&maxLevel=3
431000,郴州市,prefecture_level_city,地级市,430000,湖南省,,,2025-12-31,https://dmfw.mca.gov.cn/xzqh/getList?code=43&trimCode=true&maxLevel=3
431081,资兴市,county_level_city,县级市,430000,湖南省,431000,郴州市,2025-12-31,https://dmfw.mca.gov.cn/xzqh/getList?code=43&trimCode=true&maxLevel=3
431100,永州市,prefecture_level_city,地级市,430000,湖南省,,,2025-12-31,https://dmfw.mca.gov.cn/xzqh/getList?code=43&trimCode=true&maxLevel=3
431181,祁阳市,county_level_city,县级市,430000,湖南省,431100,永州市,2025-12-31,https://dmfw.mca.gov.cn/xzqh/getList?code=43&trimCode=true&maxLevel=3
431200,怀化市,prefecture_level_city,地级市,430000,湖南省,,,2025-12-31,https://dmfw.mca.gov.cn/xzqh/getList?code=43&trimCode=true&maxLevel=3
431281,洪江市,county_level_city,县级市,430000,湖南省,431200,怀化市,2025-12-31,https://dmfw.mca.gov.cn/xzqh/getList?code=43&trimCode=true&maxLevel=3
431300,娄底市,prefecture_level_city,地级市,430000,湖南省,,,2025-12-31,https://dmfw.mca.gov.cn/xzqh/getList?code=43&trimCode=true&maxLevel=3
431381,冷水江市,county_level_city,县级市,430000,湖南省,431300,娄底市,2025-12-31,https://dmfw.mca.gov.cn/xzqh/getList?code=43&trimCode=true&maxLevel=3
431382,涟源市,county_level_city,县级市,430000,湖南省,431300,娄底市,2025-12-31,https://dmfw.mca.gov.cn/xzqh/getList?code=43&trimCode=true&maxLevel=3
433101,吉首市,county_level_city,县级市,430000,湖南省,433100,湘西土家族苗族自治州,2025-12-31,https://dmfw.mca.gov.cn/xzqh/getList?code=43&trimCode=true&maxLevel=3
440100,广州市,prefecture_level_city,地级市,440000,广东省,,,2025-12-31,https://dmfw.mca.gov.cn/xzqh/getList?code=44&trimCode=true&maxLevel=3
440200,韶关市,prefecture_level_city,地级市,440000,广东省,,,2025-12-31,https://dmfw.mca.gov.cn/xzqh/getList?code=44&trimCode=true&maxLevel=3
440281,乐昌市,county_level_city,县级市,440000,广东省,440200,韶关市,2025-12-31,https://dmfw.mca.gov.cn/xzqh/getList?code=44&trimCode=true&maxLevel=3
440282,南雄市,county_level_city,县级市,440000,广东省,440200,韶关市,2025-12-31,https://dmfw.mca.gov.cn/xzqh/getList?code=44&trimCode=true&maxLevel=3
440300,深圳市,prefecture_level_city,地级市,440000,广东省,,,2025-12-31,https://dmfw.mca.gov.cn/xzqh/getList?code=44&trimCode=true&maxLevel=3
440400,珠海市,prefecture_level_city,地级市,440000,广东省,,,2025-12-31,https://dmfw.mca.gov.cn/xzqh/getList?code=44&trimCode=true&maxLevel=3
440500,汕头市,prefecture_level_city,地级市,440000,广东省,,,2025-12-31,https://dmfw.mca.gov.cn/xzqh/getList?code=44&trimCode=true&maxLevel=3
440600,佛山市,prefecture_level_city,地级市,440000,广东省,,,2025-12-31,https://dmfw.mca.gov.cn/xzqh/getList?code=44&trimCode=true&maxLevel=3
440700,江门市,prefecture_level_city,地级市,440000,广东省,,,2025-12-31,https://dmfw.mca.gov.cn/xzqh/getList?code=44&trimCode=true&maxLevel=3
440781,台山市,county_level_city,县级市,440000,广东省,440700,江门市,2025-12-31,https://dmfw.mca.gov.cn/xzqh/getList?code=44&trimCode=true&maxLevel=3
440783,开平市,county_level_city,县级市,440000,广东省,440700,江门市,2025-12-31,https://dmfw.mca.gov.cn/xzqh/getList?code=44&trimCode=true&maxLevel=3
440784,鹤山市,county_level_city,县级市,440000,广东省,440700,江门市,2025-12-31,https://dmfw.mca.gov.cn/xzqh/getList?code=44&trimCode=true&maxLevel=3
440785,恩平市,county_level_city,县级市,440000,广东省,440700,江门市,2025-12-31,https://dmfw.mca.gov.cn/xzqh/getList?code=44&trimCode=true&maxLevel=3
440800,湛江市,prefecture_level_city,地级市,440000,广东省,,,2025-12-31,https://dmfw.mca.gov.cn/xzqh/getList?code=44&trimCode=true&maxLevel=3
440881,廉江市,county_level_city,县级市,440000,广东省,440800,湛江市,2025-12-31,https://dmfw.mca.gov.cn/xzqh/getList?code=44&trimCode=true&maxLevel=3
440882,雷州市,county_level_city,县级市,440000,广东省,440800,湛江市,2025-12-31,https://dmfw.mca.gov.cn/xzqh/getList?code=44&trimCode=true&maxLevel=3
440883,吴川市,county_level_city,县级市,440000,广东省,440800,湛江市,2025-12-31,https://dmfw.mca.gov.cn/xzqh/getList?code=44&trimCode=true&maxLevel=3
440900,茂名市,prefecture_level_city,地级市,440000,广东省,,,2025-12-31,https://dmfw.mca.gov.cn/xzqh/getList?code=44&trimCode=true&maxLevel=3
440981,高州市,county_level_city,县级市,440000,广东省,440900,茂名市,2025-12-31,https://dmfw.mca.gov.cn/xzqh/getList?code=44&trimCode=true&maxLevel=3
440982,化州市,county_level_city,县级市,440000,广东省,440900,茂名市,2025-12-31,https://dmfw.mca.gov.cn/xzqh/getList?code=44&trimCode=true&maxLevel=3
440983,信宜市,county_level_city,县级市,440000,广东省,440900,茂名市,2025-12-31,https://dmfw.mca.gov.cn/xzqh/getList?code=44&trimCode=true&maxLevel=3
441200,肇庆市,prefecture_level_city,地级市,440000,广东省,,,2025-12-31,https://dmfw.mca.gov.cn/xzqh/getList?code=44&trimCode=true&maxLevel=3
441284,四会市,county_level_city,县级市,440000,广东省,441200,肇庆市,2025-12-31,https://dmfw.mca.gov.cn/xzqh/getList?code=44&trimCode=true&maxLevel=3
441300,惠州市,prefecture_level_city,地级市,440000,广东省,,,2025-12-31,https://dmfw.mca.gov.cn/xzqh/getList?code=44&trimCode=true&maxLevel=3
441400,梅州市,prefecture_level_city,地级市,440000,广东省,,,2025-12-31,https://dmfw.mca.gov.cn/xzqh/getList?code=44&trimCode=true&maxLevel=3
441481,兴宁市,county_level_city,县级市,440000,广东省,441400,梅州市,2025-12-31,https://dmfw.mca.gov.cn/xzqh/getList?code=44&trimCode=true&maxLevel=3
441500,汕尾市,prefecture_level_city,地级市,440000,广东省,,,2025-12-31,https://dmfw.mca.gov.cn/xzqh/getList?code=44&trimCode=true&maxLevel=3
441581,陆丰市,county_level_city,县级市,440000,广东省,441500,汕尾市,2025-12-31,https://dmfw.mca.gov.cn/xzqh/getList?code=44&trimCode=true&maxLevel=3
441600,河源市,prefecture_level_city,地级市,440000,广东省,,,2025-12-31,https://dmfw.mca.gov.cn/xzqh/getList?code=44&trimCode=true&maxLevel=3
441700,阳江市,prefecture_level_city,地级市,440000,广东省,,,2025-12-31,https://dmfw.mca.gov.cn/xzqh/getList?code=44&trimCode=true&maxLevel=3
441781,阳春市,county_level_city,县级市,440000,广东省,441700,阳江市,2025-12-31,https://dmfw.mca.gov.cn/xzqh/getList?code=44&trimCode=true&maxLevel=3
441800,清远市,prefecture_level_city,地级市,440000,广东省,,,2025-12-31,https://dmfw.mca.gov.cn/xzqh/getList?code=44&trimCode=true&maxLevel=3
441881,英德市,county_level_city,县级市,440000,广东省,441800,清远市,2025-12-31,https://dmfw.mca.gov.cn/xzqh/getList?code=44&trimCode=true&maxLevel=3
441882,连州市,county_level_city,县级市,440000,广东省,441800,清远市,2025-12-31,https://dmfw.mca.gov.cn/xzqh/getList?code=44&trimCode=true&maxLevel=3
441900,东莞市,prefecture_level_city,地级市,440000,广东省,,,2025-12-31,https://dmfw.mca.gov.cn/xzqh/getList?code=44&trimCode=true&maxLevel=3
442000,中山市,prefecture_level_city,地级市,440000,广东省,,,2025-12-31,https://dmfw.mca.gov.cn/xzqh/getList?code=44&trimCode=true&maxLevel=3
445100,潮州市,prefecture_level_city,地级市,440000,广东省,,,2025-12-31,https://dmfw.mca.gov.cn/xzqh/getList?code=44&trimCode=true&maxLevel=3
445200,揭阳市,prefecture_level_city,地级市,440000,广东省,,,2025-12-31,https://dmfw.mca.gov.cn/xzqh/getList?code=44&trimCode=true&maxLevel=3
445281,普宁市,county_level_city,县级市,440000,广东省,445200,揭阳市,2025-12-31,https://dmfw.mca.gov.cn/xzqh/getList?code=44&trimCode=true&maxLevel=3
445300,云浮市,prefecture_level_city,地级市,440000,广东省,,,2025-12-31,https://dmfw.mca.gov.cn/xzqh/getList?code=44&trimCode=true&maxLevel=3
445381,罗定市,county_level_city,县级市,440000,广东省,445300,云浮市,2025-12-31,https://dmfw.mca.gov.cn/xzqh/getList?code=44&trimCode=true&maxLevel=3
450100,南宁市,prefecture_level_city,地级市,450000,广西壮族自治区,,,2025-12-31,https://dmfw.mca.gov.cn/xzqh/getList?code=45&trimCode=true&maxLevel=3
450181,横州市,county_level_city,县级市,450000,广西壮族自治区,450100,南宁市,2025-12-31,https://dmfw.mca.gov.cn/xzqh/getList?code=45&trimCode=true&maxLevel=3
450200,柳州市,prefecture_level_city,地级市,450000,广西壮族自治区,,,2025-12-31,https://dmfw.mca.gov.cn/xzqh/getList?code=45&trimCode=true&maxLevel=3
450300,桂林市,prefecture_level_city,地级市,450000,广西壮族自治区,,,2025-12-31,https://dmfw.mca.gov.cn/xzqh/getList?code=45&trimCode=true&maxLevel=3
450381,荔浦市,county_level_city,县级市,450000,广西壮族自治区,450300,桂林市,2025-12-31,https://dmfw.mca.gov.cn/xzqh/getList?code=45&trimCode=true&maxLevel=3
450400,梧州市,prefecture_level_city,地级市,450000,广西壮族自治区,,,2025-12-31,https://dmfw.mca.gov.cn/xzqh/getList?code=45&trimCode=true&maxLevel=3
450481,岑溪市,county_level_city,县级市,450000,广西壮族自治区,450400,梧州市,2025-12-31,https://dmfw.mca.gov.cn/xzqh/getList?code=45&trimCode=true&maxLevel=3
450500,北海市,prefecture_level_city,地级市,450000,广西壮族自治区,,,2025-12-31,https://dmfw.mca.gov.cn/xzqh/getList?code=45&trimCode=true&maxLevel=3
450600,防城港市,prefecture_level_city,地级市,450000,广西壮族自治区,,,2025-12-31,https://dmfw.mca.gov.cn/xzqh/getList?code=45&trimCode=true&maxLevel=3
450681,东兴市,county_level_city,县级市,450000,广西壮族自治区,450600,防城港市,2025-12-31,https://dmfw.mca.gov.cn/xzqh/getList?code=45&trimCode=true&maxLevel=3
450700,钦州市,prefecture_level_city,地级市,450000,广西壮族自治区,,,2025-12-31,https://dmfw.mca.gov.cn/xzqh/getList?code=45&trimCode=true&maxLevel=3
450800,贵港市,prefecture_level_city,地级市,450000,广西壮族自治区,,,2025-12-31,https://dmfw.mca.gov.cn/xzqh/getList?code=45&trimCode=true&maxLevel=3
450881,桂平市,county_level_city,县级市,450000,广西壮族自治区,450800,贵港市,2025-12-31,https://dmfw.mca.gov.cn/xzqh/getList?code=45&trimCode=true&maxLevel=3
450900,玉林市,prefecture_level_city,地级市,450000,广西壮族自治区,,,2025-12-31,https://dmfw.mca.gov.cn/xzqh/getList?code=45&trimCode=true&maxLevel=3
450981,北流市,county_level_city,县级市,450000,广西壮族自治区,450900,玉林市,2025-12-31,https://dmfw.mca.gov.cn/xzqh/getList?code=45&trimCode=true&maxLevel=3
451000,百色市,prefecture_level_city,地级市,450000,广西壮族自治区,,,2025-12-31,https://dmfw.mca.gov.cn/xzqh/getList?code=45&trimCode=true&maxLevel=3
451081,靖西市,county_level_city,县级市,450000,广西壮族自治区,451000,百色市,2025-12-31,https://dmfw.mca.gov.cn/xzqh/getList?code=45&trimCode=true&maxLevel=3
451082,平果市,county_level_city,县级市,450000,广西壮族自治区,451000,百色市,2025-12-31,https://dmfw.mca.gov.cn/xzqh/getList?code=45&trimCode=true&maxLevel=3
451100,贺州市,prefecture_level_city,地级市,450000,广西壮族自治区,,,2025-12-31,https://dmfw.mca.gov.cn/xzqh/getList?code=45&trimCode=true&maxLevel=3
451200,河池市,prefecture_level_city,地级市,450000,广西壮族自治区,,,2025-12-31,https://dmfw.mca.gov.cn/xzqh/getList?code=45&trimCode=true&maxLevel=3
451300,来宾市,prefecture_level_city,地级市,450000,广西壮族自治区,,,2025-12-31,https://dmfw.mca.gov.cn/xzqh/getList?code=45&trimCode=true&maxLevel=3
451381,合山市,county_level_city,县级市,450000,广西壮族自治区,451300,来宾市,2025-12-31,https://dmfw.mca.gov.cn/xzqh/getList?code=45&trimCode=true&maxLevel=3
451400,崇左市,prefecture_level_city,地级市,450000,广西壮族自治区,,,2025-12-31,https://dmfw.mca.gov.cn/xzqh/getList?code=45&trimCode=true&maxLevel=3
451481,凭祥市,county_level_city,县级市,450000,广西壮族自治区,451400,崇左市,2025-12-31,https://dmfw.mca.gov.cn/xzqh/getList?code=45&trimCode=true&maxLevel=3
460100,海口市,prefecture_level_city,地级市,460000,海南省,,,2025-12-31,https://dmfw.mca.gov.cn/xzqh/getList?code=46&trimCode=true&maxLevel=3
460200,三亚市,prefecture_level_city,地级市,460000,海南省,,,2025-12-31,https://dmfw.mca.gov.cn/xzqh/getList?code=46&trimCode=true&maxLevel=3
460300,三沙市,prefecture_level_city,地级市,460000,海南省,,,2025-12-31,https://dmfw.mca.gov.cn/xzqh/getList?code=46&trimCode=true&maxLevel=3
460400,儋州市,prefecture_level_city,地级市,460000,海南省,,,2025-12-31,https://dmfw.mca.gov.cn/xzqh/getList?code=46&trimCode=true&maxLevel=3
469001,五指山市,county_level_city,县级市,460000,海南省,,,2025-12-31,https://dmfw.mca.gov.cn/xzqh/getList?code=46&trimCode=true&maxLevel=3
469002,琼海市,county_level_city,县级市,460000,海南省,,,2025-12-31,https://dmfw.mca.gov.cn/xzqh/getList?code=46&trimCode=true&maxLevel=3
469005,文昌市,county_level_city,县级市,460000,海南省,,,2025-12-31,https://dmfw.mca.gov.cn/xzqh/getList?code=46&trimCode=true&maxLevel=3
469006,万宁市,county_level_city,县级市,460000,海南省,,,2025-12-31,https://dmfw.mca.gov.cn/xzqh/getList?code=46&trimCode=true&maxLevel=3
469007,东方市,county_level_city,县级市,460000,海南省,,,2025-12-31,https://dmfw.mca.gov.cn/xzqh/getList?code=46&trimCode=true&maxLevel=3
500000,重庆市,direct_municipality,直辖市,500000,重庆市,,,2025-12-31,https://dmfw.mca.gov.cn/xzqh/getList?code=50&trimCode=true&maxLevel=3
510100,成都市,prefecture_level_city,地级市,510000,四川省,,,2025-12-31,https://dmfw.mca.gov.cn/xzqh/getList?code=51&trimCode=true&maxLevel=3
510181,都江堰市,county_level_city,县级市,510000,四川省,510100,成都市,2025-12-31,https://dmfw.mca.gov.cn/xzqh/getList?code=51&trimCode=true&maxLevel=3
510182,彭州市,county_level_city,县级市,510000,四川省,510100,成都市,2025-12-31,https://dmfw.mca.gov.cn/xzqh/getList?code=51&trimCode=true&maxLevel=3
510183,邛崃市,county_level_city,县级市,510000,四川省,510100,成都市,2025-12-31,https://dmfw.mca.gov.cn/xzqh/getList?code=51&trimCode=true&maxLevel=3
510184,崇州市,county_level_city,县级市,510000,四川省,510100,成都市,2025-12-31,https://dmfw.mca.gov.cn/xzqh/getList?code=51&trimCode=true&maxLevel=3
510185,简阳市,county_level_city,县级市,510000,四川省,510100,成都市,2025-12-31,https://dmfw.mca.gov.cn/xzqh/getList?code=51&trimCode=true&maxLevel=3
510300,自贡市,prefecture_level_city,地级市,510000,四川省,,,2025-12-31,https://dmfw.mca.gov.cn/xzqh/getList?code=51&trimCode=true&maxLevel=3
510400,攀枝花市,prefecture_level_city,地级市,510000,四川省,,,2025-12-31,https://dmfw.mca.gov.cn/xzqh/getList?code=51&trimCode=true&maxLevel=3
510500,泸州市,prefecture_level_city,地级市,510000,四川省,,,2025-12-31,https://dmfw.mca.gov.cn/xzqh/getList?code=51&trimCode=true&maxLevel=3
510600,德阳市,prefecture_level_city,地级市,510000,四川省,,,2025-12-31,https://dmfw.mca.gov.cn/xzqh/getList?code=51&trimCode=true&maxLevel=3
510681,广汉市,county_level_city,县级市,510000,四川省,510600,德阳市,2025-12-31,https://dmfw.mca.gov.cn/xzqh/getList?code=51&trimCode=true&maxLevel=3
510682,什邡市,county_level_city,县级市,510000,四川省,510600,德阳市,2025-12-31,https://dmfw.mca.gov.cn/xzqh/getList?code=51&trimCode=true&maxLevel=3
510683,绵竹市,county_level_city,县级市,510000,四川省,510600,德阳市,2025-12-31,https://dmfw.mca.gov.cn/xzqh/getList?code=51&trimCode=true&maxLevel=3
510700,绵阳市,prefecture_level_city,地级市,510000,四川省,,,2025-12-31,https://dmfw.mca.gov.cn/xzqh/getList?code=51&trimCode=true&maxLevel=3
510781,江油市,county_level_city,县级市,510000,四川省,510700,绵阳市,2025-12-31,https://dmfw.mca.gov.cn/xzqh/getList?code=51&trimCode=true&maxLevel=3
510800,广元市,prefecture_level_city,地级市,510000,四川省,,,2025-12-31,https://dmfw.mca.gov.cn/xzqh/getList?code=51&trimCode=true&maxLevel=3
510900,遂宁市,prefecture_level_city,地级市,510000,四川省,,,2025-12-31,https://dmfw.mca.gov.cn/xzqh/getList?code=51&trimCode=true&maxLevel=3
510981,射洪市,county_level_city,县级市,510000,四川省,510900,遂宁市,2025-12-31,https://dmfw.mca.gov.cn/xzqh/getList?code=51&trimCode=true&maxLevel=3
511000,内江市,prefecture_level_city,地级市,510000,四川省,,,2025-12-31,https://dmfw.mca.gov.cn/xzqh/getList?code=51&trimCode=true&maxLevel=3
511083,隆昌市,county_level_city,县级市,510000,四川省,511000,内江市,2025-12-31,https://dmfw.mca.gov.cn/xzqh/getList?code=51&trimCode=true&maxLevel=3
511100,乐山市,prefecture_level_city,地级市,510000,四川省,,,2025-12-31,https://dmfw.mca.gov.cn/xzqh/getList?code=51&trimCode=true&maxLevel=3
511181,峨眉山市,county_level_city,县级市,510000,四川省,511100,乐山市,2025-12-31,https://dmfw.mca.gov.cn/xzqh/getList?code=51&trimCode=true&maxLevel=3
511300,南充市,prefecture_level_city,地级市,510000,四川省,,,2025-12-31,https://dmfw.mca.gov.cn/xzqh/getList?code=51&trimCode=true&maxLevel=3
511381,阆中市,county_level_city,县级市,510000,四川省,511300,南充市,2025-12-31,https://dmfw.mca.gov.cn/xzqh/getList?code=51&trimCode=true&maxLevel=3
511400,眉山市,prefecture_level_city,地级市,510000,四川省,,,2025-12-31,https://dmfw.mca.gov.cn/xzqh/getList?code=51&trimCode=true&maxLevel=3
511500,宜宾市,prefecture_level_city,地级市,510000,四川省,,,2025-12-31,https://dmfw.mca.gov.cn/xzqh/getList?code=51&trimCode=true&maxLevel=3
511600,广安市,prefecture_level_city,地级市,510000,四川省,,,2025-12-31,https://dmfw.mca.gov.cn/xzqh/getList?code=51&trimCode=true&maxLevel=3
511681,华蓥市,county_level_city,县级市,510000,四川省,511600,广安市,2025-12-31,https://dmfw.mca.gov.cn/xzqh/getList?code=51&trimCode=true&maxLevel=3
511700,达州市,prefecture_level_city,地级市,510000,四川省,,,2025-12-31,https://dmfw.mca.gov.cn/xzqh/getList?code=51&trimCode=true&maxLevel=3
511781,万源市,county_level_city,县级市,510000,四川省,511700,达州市,2025-12-31,https://dmfw.mca.gov.cn/xzqh/getList?code=51&trimCode=true&maxLevel=3
511800,雅安市,prefecture_level_city,地级市,510000,四川省,,,2025-12-31,https://dmfw.mca.gov.cn/xzqh/getList?code=51&trimCode=true&maxLevel=3
511900,巴中市,prefecture_level_city,地级市,510000,四川省,,,2025-12-31,https://dmfw.mca.gov.cn/xzqh/getList?code=51&trimCode=true&maxLevel=3
512000,资阳市,prefecture_level_city,地级市,510000,四川省,,,2025-12-31,https://dmfw.mca.gov.cn/xzqh/getList?code=51&trimCode=true&maxLevel=3
513201,马尔康市,county_level_city,县级市,510000,四川省,513200,阿坝藏族羌族自治州,2025-12-31,https://dmfw.mca.gov.cn/xzqh/getList?code=51&trimCode=true&maxLevel=3
513301,康定市,county_level_city,县级市,510000,四川省,513300,甘孜藏族自治州,2025-12-31,https://dmfw.mca.gov.cn/xzqh/getList?code=51&trimCode=true&maxLevel=3
513401,西昌市,county_level_city,县级市,510000,四川省,513400,凉山彝族自治州,2025-12-31,https://dmfw.mca.gov.cn/xzqh/getList?code=51&trimCode=true&maxLevel=3
513402,会理市,county_level_city,县级市,510000,四川省,513400,凉山彝族自治州,2025-12-31,https://dmfw.mca.gov.cn/xzqh/getList?code=51&trimCode=true&maxLevel=3
520100,贵阳市,prefecture_level_city,地级市,520000,贵州省,,,2025-12-31,https://dmfw.mca.gov.cn/xzqh/getList?code=52&trimCode=true&maxLevel=3
520181,清镇市,county_level_city,县级市,520000,贵州省,520100,贵阳市,2025-12-31,https://dmfw.mca.gov.cn/xzqh/getList?code=52&trimCode=true&maxLevel=3
520200,六盘水市,prefecture_level_city,地级市,520000,贵州省,,,2025-12-31,https://dmfw.mca.gov.cn/xzqh/getList?code=52&trimCode=true&maxLevel=3
520281,盘州市,county_level_city,县级市,520000,贵州省,520200,六盘水市,2025-12-31,https://dmfw.mca.gov.cn/xzqh/getList?code=52&trimCode=true&maxLevel=3
520300,遵义市,prefecture_level_city,地级市,520000,贵州省,,,2025-12-31,https://dmfw.mca.gov.cn/xzqh/getList?code=52&trimCode=true&maxLevel=3
520381,赤水市,county_level_city,县级市,520000,贵州省,520300,遵义市,2025-12-31,https://dmfw.mca.gov.cn/xzqh/getList?code=52&trimCode=true&maxLevel=3
520382,仁怀市,county_level_city,县级市,520000,贵州省,520300,遵义市,2025-12-31,https://dmfw.mca.gov.cn/xzqh/getList?code=52&trimCode=true&maxLevel=3
520400,安顺市,prefecture_level_city,地级市,520000,贵州省,,,2025-12-31,https://dmfw.mca.gov.cn/xzqh/getList?code=52&trimCode=true&maxLevel=3
520500,毕节市,prefecture_level_city,地级市,520000,贵州省,,,2025-12-31,https://dmfw.mca.gov.cn/xzqh/getList?code=52&trimCode=true&maxLevel=3
520581,黔西市,county_level_city,县级市,520000,贵州省,520500,毕节市,2025-12-31,https://dmfw.mca.gov.cn/xzqh/getList?code=52&trimCode=true&maxLevel=3
520600,铜仁市,prefecture_level_city,地级市,520000,贵州省,,,2025-12-31,https://dmfw.mca.gov.cn/xzqh/getList?code=52&trimCode=true&maxLevel=3
522301,兴义市,county_level_city,县级市,520000,贵州省,522300,黔西南布依族苗族自治州,2025-12-31,https://dmfw.mca.gov.cn/xzqh/getList?code=52&trimCode=true&maxLevel=3
522302,兴仁市,county_level_city,县级市,520000,贵州省,522300,黔西南布依族苗族自治州,2025-12-31,https://dmfw.mca.gov.cn/xzqh/getList?code=52&trimCode=true&maxLevel=3
522601,凯里市,county_level_city,县级市,520000,贵州省,522600,黔东南苗族侗族自治州,2025-12-31,https://dmfw.mca.gov.cn/xzqh/getList?code=52&trimCode=true&maxLevel=3
522701,都匀市,county_level_city,县级市,520000,贵州省,522700,黔南布依族苗族自治州,2025-12-31,https://dmfw.mca.gov.cn/xzqh/getList?code=52&trimCode=true&maxLevel=3
522702,福泉市,county_level_city,县级市,520000,贵州省,522700,黔南布依族苗族自治州,2025-12-31,https://dmfw.mca.gov.cn/xzqh/getList?code=52&trimCode=true&maxLevel=3
530100,昆明市,prefecture_level_city,地级市,530000,云南省,,,2025-12-31,https://dmfw.mca.gov.cn/xzqh/getList?code=53&trimCode=true&maxLevel=3
530181,安宁市,county_level_city,县级市,530000,云南省,530100,昆明市,2025-12-31,https://dmfw.mca.gov.cn/xzqh/getList?code=53&trimCode=true&maxLevel=3
530300,曲靖市,prefecture_level_city,地级市,530000,云南省,,,2025-12-31,https://dmfw.mca.gov.cn/xzqh/getList?code=53&trimCode=true&maxLevel=3
530381,宣威市,county_level_city,县级市,530000,云南省,530300,曲靖市,2025-12-31,https://dmfw.mca.gov.cn/xzqh/getList?code=53&trimCode=true&maxLevel=3
530400,玉溪市,prefecture_level_city,地级市,530000,云南省,,,2025-12-31,https://dmfw.mca.gov.cn/xzqh/getList?code=53&trimCode=true&maxLevel=3
530481,澄江市,county_level_city,县级市,530000,云南省,530400,玉溪市,2025-12-31,https://dmfw.mca.gov.cn/xzqh/getList?code=53&trimCode=true&maxLevel=3
530500,保山市,prefecture_level_city,地级市,530000,云南省,,,2025-12-31,https://dmfw.mca.gov.cn/xzqh/getList?code=53&trimCode=true&maxLevel=3
530581,腾冲市,county_level_city,县级市,530000,云南省,530500,保山市,2025-12-31,https://dmfw.mca.gov.cn/xzqh/getList?code=53&trimCode=true&maxLevel=3
530600,昭通市,prefecture_level_city,地级市,530000,云南省,,,2025-12-31,https://dmfw.mca.gov.cn/xzqh/getList?code=53&trimCode=true&maxLevel=3
530681,水富市,county_level_city,县级市,530000,云南省,530600,昭通市,2025-12-31,https://dmfw.mca.gov.cn/xzqh/getList?code=53&trimCode=true&maxLevel=3
530700,丽江市,prefecture_level_city,地级市,530000,云南省,,,2025-12-31,https://dmfw.mca.gov.cn/xzqh/getList?code=53&trimCode=true&maxLevel=3
530800,普洱市,prefecture_level_city,地级市,530000,云南省,,,2025-12-31,https://dmfw.mca.gov.cn/xzqh/getList?code=53&trimCode=true&maxLevel=3
530900,临沧市,prefecture_level_city,地级市,530000,云南省,,,2025-12-31,https://dmfw.mca.gov.cn/xzqh/getList?code=53&trimCode=true&maxLevel=3
532301,楚雄市,county_level_city,县级市,530000,云南省,532300,楚雄彝族自治州,2025-12-31,https://dmfw.mca.gov.cn/xzqh/getList?code=53&trimCode=true&maxLevel=3
532302,禄丰市,county_level_city,县级市,530000,云南省,532300,楚雄彝族自治州,2025-12-31,https://dmfw.mca.gov.cn/xzqh/getList?code=53&trimCode=true&maxLevel=3
532501,个旧市,county_level_city,县级市,530000,云南省,532500,红河哈尼族彝族自治州,2025-12-31,https://dmfw.mca.gov.cn/xzqh/getList?code=53&trimCode=true&maxLevel=3
532502,开远市,county_level_city,县级市,530000,云南省,532500,红河哈尼族彝族自治州,2025-12-31,https://dmfw.mca.gov.cn/xzqh/getList?code=53&trimCode=true&maxLevel=3
532503,蒙自市,county_level_city,县级市,530000,云南省,532500,红河哈尼族彝族自治州,2025-12-31,https://dmfw.mca.gov.cn/xzqh/getList?code=53&trimCode=true&maxLevel=3
532504,弥勒市,county_level_city,县级市,530000,云南省,532500,红河哈尼族彝族自治州,2025-12-31,https://dmfw.mca.gov.cn/xzqh/getList?code=53&trimCode=true&maxLevel=3
532601,文山市,county_level_city,县级市,530000,云南省,532600,文山壮族苗族自治州,2025-12-31,https://dmfw.mca.gov.cn/xzqh/getList?code=53&trimCode=true&maxLevel=3
532801,景洪市,county_level_city,县级市,530000,云南省,532800,西双版纳傣族自治州,2025-12-31,https://dmfw.mca.gov.cn/xzqh/getList?code=53&trimCode=true&maxLevel=3
532901,大理市,county_level_city,县级市,530000,云南省,532900,大理白族自治州,2025-12-31,https://dmfw.mca.gov.cn/xzqh/getList?code=53&trimCode=true&maxLevel=3
533102,瑞丽市,county_level_city,县级市,530000,云南省,533100,德宏傣族景颇族自治州,2025-12-31,https://dmfw.mca.gov.cn/xzqh/getList?code=53&trimCode=true&maxLevel=3
533103,芒市,county_level_city,县级市,530000,云南省,533100,德宏傣族景颇族自治州,2025-12-31,https://dmfw.mca.gov.cn/xzqh/getList?code=53&trimCode=true&maxLevel=3
533301,泸水市,county_level_city,县级市,530000,云南省,533300,怒江傈僳族自治州,2025-12-31,https://dmfw.mca.gov.cn/xzqh/getList?code=53&trimCode=true&maxLevel=3
533401,香格里拉市,county_level_city,县级市,530000,云南省,533400,迪庆藏族自治州,2025-12-31,https://dmfw.mca.gov.cn/xzqh/getList?code=53&trimCode=true&maxLevel=3
540100,拉萨市,prefecture_level_city,地级市,540000,西藏自治区,,,2025-12-31,https://dmfw.mca.gov.cn/xzqh/getList?code=54&trimCode=true&maxLevel=3
540200,日喀则市,prefecture_level_city,地级市,540000,西藏自治区,,,2025-12-31,https://dmfw.mca.gov.cn/xzqh/getList?code=54&trimCode=true&maxLevel=3
540300,昌都市,prefecture_level_city,地级市,540000,西藏自治区,,,2025-12-31,https://dmfw.mca.gov.cn/xzqh/getList?code=54&trimCode=true&maxLevel=3
540400,林芝市,prefecture_level_city,地级市,540000,西藏自治区,,,2025-12-31,https://dmfw.mca.gov.cn/xzqh/getList?code=54&trimCode=true&maxLevel=3
540481,米林市,county_level_city,县级市,540000,西藏自治区,540400,林芝市,2025-12-31,https://dmfw.mca.gov.cn/xzqh/getList?code=54&trimCode=true&maxLevel=3
540500,山南市,prefecture_level_city,地级市,540000,西藏自治区,,,2025-12-31,https://dmfw.mca.gov.cn/xzqh/getList?code=54&trimCode=true&maxLevel=3
540581,错那市,county_level_city,县级市,540000,西藏自治区,540500,山南市,2025-12-31,https://dmfw.mca.gov.cn/xzqh/getList?code=54&trimCode=true&maxLevel=3
540600,那曲市,prefecture_level_city,地级市,540000,西藏自治区,,,2025-12-31,https://dmfw.mca.gov.cn/xzqh/getList?code=54&trimCode=true&maxLevel=3
610100,西安市,prefecture_level_city,地级市,610000,陕西省,,,2025-12-31,https://dmfw.mca.gov.cn/xzqh/getList?code=61&trimCode=true&maxLevel=3
610200,铜川市,prefecture_level_city,地级市,610000,陕西省,,,2025-12-31,https://dmfw.mca.gov.cn/xzqh/getList?code=61&trimCode=true&maxLevel=3
610300,宝鸡市,prefecture_level_city,地级市,610000,陕西省,,,2025-12-31,https://dmfw.mca.gov.cn/xzqh/getList?code=61&trimCode=true&maxLevel=3
610400,咸阳市,prefecture_level_city,地级市,610000,陕西省,,,2025-12-31,https://dmfw.mca.gov.cn/xzqh/getList?code=61&trimCode=true&maxLevel=3
610481,兴平市,county_level_city,县级市,610000,陕西省,610400,咸阳市,2025-12-31,https://dmfw.mca.gov.cn/xzqh/getList?code=61&trimCode=true&maxLevel=3
610482,彬州市,county_level_city,县级市,610000,陕西省,610400,咸阳市,2025-12-31,https://dmfw.mca.gov.cn/xzqh/getList?code=61&trimCode=true&maxLevel=3
610500,渭南市,prefecture_level_city,地级市,610000,陕西省,,,2025-12-31,https://dmfw.mca.gov.cn/xzqh/getList?code=61&trimCode=true&maxLevel=3
610581,韩城市,county_level_city,县级市,610000,陕西省,610500,渭南市,2025-12-31,https://dmfw.mca.gov.cn/xzqh/getList?code=61&trimCode=true&maxLevel=3
610582,华阴市,county_level_city,县级市,610000,陕西省,610500,渭南市,2025-12-31,https://dmfw.mca.gov.cn/xzqh/getList?code=61&trimCode=true&maxLevel=3
610600,延安市,prefecture_level_city,地级市,610000,陕西省,,,2025-12-31,https://dmfw.mca.gov.cn/xzqh/getList?code=61&trimCode=true&maxLevel=3
610681,子长市,county_level_city,县级市,610000,陕西省,610600,延安市,2025-12-31,https://dmfw.mca.gov.cn/xzqh/getList?code=61&trimCode=true&maxLevel=3
610700,汉中市,prefecture_level_city,地级市,610000,陕西省,,,2025-12-31,https://dmfw.mca.gov.cn/xzqh/getList?code=61&trimCode=true&maxLevel=3
610800,榆林市,prefecture_level_city,地级市,610000,陕西省,,,2025-12-31,https://dmfw.mca.gov.cn/xzqh/getList?code=61&trimCode=true&maxLevel=3
610881,神木市,county_level_city,县级市,610000,陕西省,610800,榆林市,2025-12-31,https://dmfw.mca.gov.cn/xzqh/getList?code=61&trimCode=true&maxLevel=3
610900,安康市,prefecture_level_city,地级市,610000,陕西省,,,2025-12-31,https://dmfw.mca.gov.cn/xzqh/getList?code=61&trimCode=true&maxLevel=3
610981,旬阳市,county_level_city,县级市,610000,陕西省,610900,安康市,2025-12-31,https://dmfw.mca.gov.cn/xzqh/getList?code=61&trimCode=true&maxLevel=3
611000,商洛市,prefecture_level_city,地级市,610000,陕西省,,,2025-12-31,https://dmfw.mca.gov.cn/xzqh/getList?code=61&trimCode=true&maxLevel=3
620100,兰州市,prefecture_level_city,地级市,620000,甘肃省,,,2025-12-31,https://dmfw.mca.gov.cn/xzqh/getList?code=62&trimCode=true&maxLevel=3
620200,嘉峪关市,prefecture_level_city,地级市,620000,甘肃省,,,2025-12-31,https://dmfw.mca.gov.cn/xzqh/getList?code=62&trimCode=true&maxLevel=3
620300,金昌市,prefecture_level_city,地级市,620000,甘肃省,,,2025-12-31,https://dmfw.mca.gov.cn/xzqh/getList?code=62&trimCode=true&maxLevel=3
620400,白银市,prefecture_level_city,地级市,620000,甘肃省,,,2025-12-31,https://dmfw.mca.gov.cn/xzqh/getList?code=62&trimCode=true&maxLevel=3
620500,天水市,prefecture_level_city,地级市,620000,甘肃省,,,2025-12-31,https://dmfw.mca.gov.cn/xzqh/getList?code=62&trimCode=true&maxLevel=3
620600,武威市,prefecture_level_city,地级市,620000,甘肃省,,,2025-12-31,https://dmfw.mca.gov.cn/xzqh/getList?code=62&trimCode=true&maxLevel=3
620700,张掖市,prefecture_level_city,地级市,620000,甘肃省,,,2025-12-31,https://dmfw.mca.gov.cn/xzqh/getList?code=62&trimCode=true&maxLevel=3
620800,平凉市,prefecture_level_city,地级市,620000,甘肃省,,,2025-12-31,https://dmfw.mca.gov.cn/xzqh/getList?code=62&trimCode=true&maxLevel=3
620881,华亭市,county_level_city,县级市,620000,甘肃省,620800,平凉市,2025-12-31,https://dmfw.mca.gov.cn/xzqh/getList?code=62&trimCode=true&maxLevel=3
620900,酒泉市,prefecture_level_city,地级市,620000,甘肃省,,,2025-12-31,https://dmfw.mca.gov.cn/xzqh/getList?code=62&trimCode=true&maxLevel=3
620981,玉门市,county_level_city,县级市,620000,甘肃省,620900,酒泉市,2025-12-31,https://dmfw.mca.gov.cn/xzqh/getList?code=62&trimCode=true&maxLevel=3
620982,敦煌市,county_level_city,县级市,620000,甘肃省,620900,酒泉市,2025-12-31,https://dmfw.mca.gov.cn/xzqh/getList?code=62&trimCode=true&maxLevel=3
621000,庆阳市,prefecture_level_city,地级市,620000,甘肃省,,,2025-12-31,https://dmfw.mca.gov.cn/xzqh/getList?code=62&trimCode=true&maxLevel=3
621100,定西市,prefecture_level_city,地级市,620000,甘肃省,,,2025-12-31,https://dmfw.mca.gov.cn/xzqh/getList?code=62&trimCode=true&maxLevel=3
621200,陇南市,prefecture_level_city,地级市,620000,甘肃省,,,2025-12-31,https://dmfw.mca.gov.cn/xzqh/getList?code=62&trimCode=true&maxLevel=3
622901,临夏市,county_level_city,县级市,620000,甘肃省,622900,临夏回族自治州,2025-12-31,https://dmfw.mca.gov.cn/xzqh/getList?code=62&trimCode=true&maxLevel=3
623001,合作市,county_level_city,县级市,620000,甘肃省,623000,甘南藏族自治州,2025-12-31,https://dmfw.mca.gov.cn/xzqh/getList?code=62&trimCode=true&maxLevel=3
630100,西宁市,prefecture_level_city,地级市,630000,青海省,,,2025-12-31,https://dmfw.mca.gov.cn/xzqh/getList?code=63&trimCode=true&maxLevel=3
630200,海东市,prefecture_level_city,地级市,630000,青海省,,,2025-12-31,https://dmfw.mca.gov.cn/xzqh/getList?code=63&trimCode=true&maxLevel=3
632301,同仁市,county_level_city,县级市,630000,青海省,632300,黄南藏族自治州,2025-12-31,https://dmfw.mca.gov.cn/xzqh/getList?code=63&trimCode=true&maxLevel=3
632701,玉树市,county_level_city,县级市,630000,青海省,632700,玉树藏族自治州,2025-12-31,https://dmfw.mca.gov.cn/xzqh/getList?code=63&trimCode=true&maxLevel=3
632801,格尔木市,county_level_city,县级市,630000,青海省,632800,海西蒙古族藏族自治州,2025-12-31,https://dmfw.mca.gov.cn/xzqh/getList?code=63&trimCode=true&maxLevel=3
632802,德令哈市,county_level_city,县级市,630000,青海省,632800,海西蒙古族藏族自治州,2025-12-31,https://dmfw.mca.gov.cn/xzqh/getList?code=63&trimCode=true&maxLevel=3
632803,茫崖市,county_level_city,县级市,630000,青海省,632800,海西蒙古族藏族自治州,2025-12-31,https://dmfw.mca.gov.cn/xzqh/getList?code=63&trimCode=true&maxLevel=3
640100,银川市,prefecture_level_city,地级市,640000,宁夏回族自治区,,,2025-12-31,https://dmfw.mca.gov.cn/xzqh/getList?code=64&trimCode=true&maxLevel=3
640181,灵武市,county_level_city,县级市,640000,宁夏回族自治区,640100,银川市,2025-12-31,https://dmfw.mca.gov.cn/xzqh/getList?code=64&trimCode=true&maxLevel=3
640200,石嘴山市,prefecture_level_city,地级市,640000,宁夏回族自治区,,,2025-12-31,https://dmfw.mca.gov.cn/xzqh/getList?code=64&trimCode=true&maxLevel=3
640300,吴忠市,prefecture_level_city,地级市,640000,宁夏回族自治区,,,2025-12-31,https://dmfw.mca.gov.cn/xzqh/getList?code=64&trimCode=true&maxLevel=3
640381,青铜峡市,county_level_city,县级市,640000,宁夏回族自治区,640300,吴忠市,2025-12-31,https://dmfw.mca.gov.cn/xzqh/getList?code=64&trimCode=true&maxLevel=3
640400,固原市,prefecture_level_city,地级市,640000,宁夏回族自治区,,,2025-12-31,https://dmfw.mca.gov.cn/xzqh/getList?code=64&trimCode=true&maxLevel=3
640500,中卫市,prefecture_level_city,地级市,640000,宁夏回族自治区,,,2025-12-31,https://dmfw.mca.gov.cn/xzqh/getList?code=64&trimCode=true&maxLevel=3
650100,乌鲁木齐市,prefecture_level_city,地级市,650000,新疆维吾尔自治区,,,2025-12-31,https://dmfw.mca.gov.cn/xzqh/getList?code=65&trimCode=true&maxLevel=3
650200,克拉玛依市,prefecture_level_city,地级市,650000,新疆维吾尔自治区,,,2025-12-31,https://dmfw.mca.gov.cn/xzqh/getList?code=65&trimCode=true&maxLevel=3
650400,吐鲁番市,prefecture_level_city,地级市,650000,新疆维吾尔自治区,,,2025-12-31,https://dmfw.mca.gov.cn/xzqh/getList?code=65&trimCode=true&maxLevel=3
650500,哈密市,prefecture_level_city,地级市,650000,新疆维吾尔自治区,,,2025-12-31,https://dmfw.mca.gov.cn/xzqh/getList?code=65&trimCode=true&maxLevel=3
652301,昌吉市,county_level_city,县级市,650000,新疆维吾尔自治区,652300,昌吉回族自治州,2025-12-31,https://dmfw.mca.gov.cn/xzqh/getList?code=65&trimCode=true&maxLevel=3
652302,阜康市,county_level_city,县级市,650000,新疆维吾尔自治区,652300,昌吉回族自治州,2025-12-31,https://dmfw.mca.gov.cn/xzqh/getList?code=65&trimCode=true&maxLevel=3
652701,博乐市,county_level_city,县级市,650000,新疆维吾尔自治区,652700,博尔塔拉蒙古自治州,2025-12-31,https://dmfw.mca.gov.cn/xzqh/getList?code=65&trimCode=true&maxLevel=3
652702,阿拉山口市,county_level_city,县级市,650000,新疆维吾尔自治区,652700,博尔塔拉蒙古自治州,2025-12-31,https://dmfw.mca.gov.cn/xzqh/getList?code=65&trimCode=true&maxLevel=3
652801,库尔勒市,county_level_city,县级市,650000,新疆维吾尔自治区,652800,巴音郭楞蒙古自治州,2025-12-31,https://dmfw.mca.gov.cn/xzqh/getList?code=65&trimCode=true&maxLevel=3
652901,阿克苏市,county_level_city,县级市,650000,新疆维吾尔自治区,652900,阿克苏地区,2025-12-31,https://dmfw.mca.gov.cn/xzqh/getList?code=65&trimCode=true&maxLevel=3
652902,库车市,county_level_city,县级市,650000,新疆维吾尔自治区,652900,阿克苏地区,2025-12-31,https://dmfw.mca.gov.cn/xzqh/getList?code=65&trimCode=true&maxLevel=3
653001,阿图什市,county_level_city,县级市,650000,新疆维吾尔自治区,653000,克孜勒苏柯尔克孜自治州,2025-12-31,https://dmfw.mca.gov.cn/xzqh/getList?code=65&trimCode=true&maxLevel=3
653101,喀什市,county_level_city,县级市,650000,新疆维吾尔自治区,653100,喀什地区,2025-12-31,https://dmfw.mca.gov.cn/xzqh/getList?code=65&trimCode=true&maxLevel=3
653201,和田市,county_level_city,县级市,650000,新疆维吾尔自治区,653200,和田地区,2025-12-31,https://dmfw.mca.gov.cn/xzqh/getList?code=65&trimCode=true&maxLevel=3
654002,伊宁市,county_level_city,县级市,650000,新疆维吾尔自治区,654000,伊犁哈萨克自治州,2025-12-31,https://dmfw.mca.gov.cn/xzqh/getList?code=65&trimCode=true&maxLevel=3
654003,奎屯市,county_level_city,县级市,650000,新疆维吾尔自治区,654000,伊犁哈萨克自治州,2025-12-31,https://dmfw.mca.gov.cn/xzqh/getList?code=65&trimCode=true&maxLevel=3
654004,霍尔果斯市,county_level_city,县级市,650000,新疆维吾尔自治区,654000,伊犁哈萨克自治州,2025-12-31,https://dmfw.mca.gov.cn/xzqh/getList?code=65&trimCode=true&maxLevel=3
654201,塔城市,county_level_city,县级市,650000,新疆维吾尔自治区,654200,塔城地区,2025-12-31,https://dmfw.mca.gov.cn/xzqh/getList?code=65&trimCode=true&maxLevel=3
654202,乌苏市,county_level_city,县级市,650000,新疆维吾尔自治区,654200,塔城地区,2025-12-31,https://dmfw.mca.gov.cn/xzqh/getList?code=65&trimCode=true&maxLevel=3
654203,沙湾市,county_level_city,县级市,650000,新疆维吾尔自治区,654200,塔城地区,2025-12-31,https://dmfw.mca.gov.cn/xzqh/getList?code=65&trimCode=true&maxLevel=3
654301,阿勒泰市,county_level_city,县级市,650000,新疆维吾尔自治区,654300,阿勒泰地区,2025-12-31,https://dmfw.mca.gov.cn/xzqh/getList?code=65&trimCode=true&maxLevel=3
659001,石河子市,county_level_city,县级市,650000,新疆维吾尔自治区,,,2025-12-31,https://dmfw.mca.gov.cn/xzqh/getList?code=65&trimCode=true&maxLevel=3
659002,阿拉尔市,county_level_city,县级市,650000,新疆维吾尔自治区,,,2025-12-31,https://dmfw.mca.gov.cn/xzqh/getList?code=65&trimCode=true&maxLevel=3
659003,图木舒克市,county_level_city,县级市,650000,新疆维吾尔自治区,,,2025-12-31,https://dmfw.mca.gov.cn/xzqh/getList?code=65&trimCode=true&maxLevel=3
659004,五家渠市,county_level_city,县级市,650000,新疆维吾尔自治区,,,2025-12-31,https://dmfw.mca.gov.cn/xzqh/getList?code=65&trimCode=true&maxLevel=3
659005,北屯市,county_level_city,县级市,650000,新疆维吾尔自治区,,,2025-12-31,https://dmfw.mca.gov.cn/xzqh/getList?code=65&trimCode=true&maxLevel=3
659006,铁门关市,county_level_city,县级市,650000,新疆维吾尔自治区,,,2025-12-31,https://dmfw.mca.gov.cn/xzqh/getList?code=65&trimCode=true&maxLevel=3
659007,双河市,county_level_city,县级市,650000,新疆维吾尔自治区,,,2025-12-31,https://dmfw.mca.gov.cn/xzqh/getList?code=65&trimCode=true&maxLevel=3
659008,可克达拉市,county_level_city,县级市,650000,新疆维吾尔自治区,,,2025-12-31,https://dmfw.mca.gov.cn/xzqh/getList?code=65&trimCode=true&maxLevel=3
659009,昆玉市,county_level_city,县级市,650000,新疆维吾尔自治区,,,2025-12-31,https://dmfw.mca.gov.cn/xzqh/getList?code=65&trimCode=true&maxLevel=3
659010,胡杨河市,county_level_city,县级市,650000,新疆维吾尔自治区,,,2025-12-31,https://dmfw.mca.gov.cn/xzqh/getList?code=65&trimCode=true&maxLevel=3
659011,新星市,county_level_city,县级市,650000,新疆维吾尔自治区,,,2025-12-31,https://dmfw.mca.gov.cn/xzqh/getList?code=65&trimCode=true&maxLevel=3
659012,白杨市,county_level_city,县级市,650000,新疆维吾尔自治区,,,2025-12-31,https://dmfw.mca.gov.cn/xzqh/getList?code=65&trimCode=true&maxLevel=3
659013,草湖市,county_level_city,县级市,650000,新疆维吾尔自治区,,,2025-12-31,https://dmfw.mca.gov.cn/xzqh/getList?code=65&trimCode=true&maxLevel=3
