administrative_code,name,longitude,latitude
110000,北京市,116.401145,39.902776
120000,天津市,117.195212,39.084312
130100,石家庄市,114.509003,38.041388
130181,辛集市,115.211536,37.942521
130183,晋州市,115.037946,38.033139
130184,新乐市,114.677803,38.343398
130200,唐山市,118.173871,39.629372
130281,遵化市,117.959644,40.187943
130283,迁安市,118.694985,39.997628
130284,滦州市,118.697003,39.739743
130300,秦皇岛市,119.514248,39.887014
130400,邯郸市,114.533423,36.625770
130481,武安市,114.197590,36.697326
130500,邢台市,114.491486,37.059735
130581,南宫市,115.402416,37.358050
130582,沙河市,114.497134,36.855218
130600,保定市,115.458204,38.873575
130681,涿州市,115.968447,39.484618
130682,定州市,114.984272,38.516128
130683,安国市,115.320836,38.418252
130684,高碑店市,115.867710,39.326329
130700,张家口市,114.879785,40.767647
130800,承德市,117.956422,40.951361
130881,平泉市,118.695861,41.016763
130900,沧州市,116.832925,38.304117
130981,泊头市,116.572743,38.083740
130982,任丘市,116.078239,38.684424
130983,黄骅市,117.323706,38.371486
130984,河间市,116.093220,38.445811
131000,廊坊市,116.677631,39.537203
131081,霸州市,116.385345,39.124084
131082,三河市,117.071752,39.981519
131100,衡水市,115.663100,37.738728
131182,深州市,115.553697,38.000993
140100,太原市,112.543359,37.869927
140181,古交市,112.168436,37.906683
140200,大同市,113.359578,40.095791
140300,阳泉市,113.574024,37.856591
140400,长治市,113.110730,36.194976
140500,晋城市,112.845914,35.491730
140581,高平市,112.917676,35.799065
140600,朔州市,112.426060,39.330573
140681,怀仁市,113.125959,39.819222
140700,晋中市,112.746141,37.687325
140781,介休市,111.910243,37.027309
140800,运城市,111.001238,35.027408
140881,永济市,110.442271,34.867306
140882,河津市,110.706495,35.596633
140900,忻州市,112.727581,38.415377
140981,原平市,112.704454,38.730772
141000,临汾市,111.513093,36.088705
141081,侯马市,111.365639,35.619163
141082,霍州市,111.748721,36.568944
141100,吕梁市,111.138178,37.518219
141181,孝义市,111.772498,37.145580
141182,汾阳市,111.764374,37.260948
150100,呼和浩特市,111.741896,40.840680
150200,包头市,109.947464,40.620210
150300,乌海市,106.789390,39.654105
150400,赤峰市,118.881442,42.254941
150500,通辽市,122.237756,43.651204
150581,霍林郭勒市,119.674586,45.531728
150600,鄂尔多斯市,109.776762,39.607727
150700,呼伦贝尔市,119.771145,49.164607
150781,满洲里市,117.370835,49.596652
150782,牙克石市,120.705081,49.284000
150783,扎兰屯市,122.702188,48.026313
150784,额尔古纳市,120.173291,50.241552
150785,根河市,121.513264,50.778446
150800,巴彦淖尔市,107.382173,40.741540
150900,乌兰察布市,113.124960,40.992758
150981,丰镇市,113.102666,40.435615
152201,乌兰浩特市,122.087095,46.070179
152202,阿尔山市,119.937005,47.175552
152501,二连浩特市,111.942471,43.640888
152502,锡林浩特市,116.078922,43.931178
210100,沈阳市,123.458631,41.675224
210181,新民市,122.830599,41.983626
210200,大连市,121.609843,38.913185
210281,瓦房店市,121.974416,39.625757
210283,庄河市,122.960686,39.679576
210300,鞍山市,122.988684,41.106320
210381,海城市,122.679996,40.880879
210400,抚顺市,123.951278,41.879155
210500,本溪市,123.760783,41.292033
210600,丹东市,124.348648,39.999101
210681,东港市,124.146803,39.861671
210682,凤城市,124.060949,40.450532
210700,锦州市,121.121216,41.094064
210781,凌海市,121.349337,41.158554
210782,北镇市,121.772074,41.586480
210800,营口市,122.213960,40.623476
210881,盖州市,122.343156,40.398702
210882,大石桥市,122.477158,40.663233
210900,阜新市,121.664643,42.019918
211000,辽阳市,123.233933,41.265329
211081,灯塔市,123.333427,41.424258
211100,盘锦市,122.165414,40.717867
211200,铁岭市,123.719997,42.221482
211281,调兵山市,123.561210,42.465938
211282,开原市,124.045694,42.575247
211300,朝阳市,120.483268,41.599658
211381,北票市,120.765947,41.798928
211382,凌源市,119.395052,41.243303
211400,葫芦岛市,120.831608,40.709525
211481,兴城市,120.751357,40.608501
220100,长春市,125.317136,43.814544
220182,榆树市,126.527231,44.838314
220183,德惠市,125.722149,44.519769
220184,公主岭市,124.787695,43.492680
220200,吉林市,126.544030,43.835879
220281,蛟河市,127.338434,43.721230
220282,桦甸市,126.740472,42.969828
220283,舒兰市,126.959571,44.403929
220284,磐石市,126.054167,42.944036
220300,四平市,124.344394,43.164187
220382,双辽市,123.496221,43.515876
220400,辽源市,125.138281,42.885443
220500,通化市,125.934064,41.726147
220581,梅河口市,125.705047,42.536915
220582,集安市,126.187488,41.123723
220600,白山市,126.408407,41.941619
220681,临江市,126.912649,41.809811
220700,松原市,124.819034,45.139940
220781,扶余市,126.043072,44.986865
220800,白城市,122.832229,45.618221
220881,洮南市,122.792546,45.354856
220882,大安市,124.284598,45.504897
222401,延吉市,129.500720,42.888571
222402,图们市,129.836934,42.965641
222403,敦化市,128.226107,43.370095
222404,珲春市,130.358658,42.859894
222405,龙井市,129.419394,42.764558
222406,和龙市,129.004389,42.544023
230100,哈尔滨市,126.529010,45.800999
230183,尚志市,128.002750,45.207013
230184,五常市,127.161081,44.929984
230200,齐齐哈尔市,123.911643,47.352853
230281,讷河市,124.876169,48.464954
230300,鸡西市,130.961929,45.292922
230381,虎林市,132.930003,45.761148
230382,密山市,131.839431,45.527327
230400,鹤岗市,130.289833,47.348215
230500,双鸭山市,131.133412,46.673891
230600,大庆市,125.097024,46.587394
230700,伊春市,128.833810,47.726065
230781,铁力市,128.025682,46.984338
230800,佳木斯市,130.311123,46.797781
230881,同江市,132.502600,47.640002
230882,富锦市,132.029734,47.247619
230883,抚远市,134.300139,48.362616
230900,七台河市,130.995311,45.768954
231000,牡丹江市,129.625851,44.549520
231081,绥芬河市,131.144125,44.410155
231083,海林市,129.373324,44.591728
231084,宁安市,129.475228,44.338381
231085,穆棱市,130.517229,44.916748
231086,东宁市,131.117176,44.087834
231100,黑河市,127.520943,50.243264
231181,北安市,126.484337,48.238988
231182,五大连池市,126.198611,48.515221
231183,嫩江市,125.213846,49.183637
231200,绥化市,126.962391,46.652246
231281,安达市,125.300722,46.449921
231282,肇东市,125.956058,46.048785
231283,海伦市,126.923863,47.448499
232701,漠河市,122.532287,52.970954
310000,上海市,121.469144,31.232467
320100,南京市,118.791440,32.061419
320200,无锡市,120.307280,31.492953
320281,江阴市,120.280178,31.923602
320282,宜兴市,119.817040,31.340511
320300,徐州市,117.277999,34.205515
320381,新沂市,118.349073,34.370663
320382,邳州市,118.006811,34.340413
320400,常州市,119.969342,31.813354
320481,溧阳市,119.478959,31.418901
320500,苏州市,120.581117,31.301942
320581,常熟市,120.748116,31.657952
320582,张家港市,120.551704,31.878853
320583,昆山市,120.976468,31.387500
320585,太仓市,121.125726,31.459826
320600,南通市,120.890306,31.983439
320681,启东市,121.650925,31.794892
320682,如皋市,120.569747,32.373710
320685,海安市,120.463144,32.534783
320700,连云港市,119.215955,34.597674
320800,淮安市,119.107545,33.552777
320900,盐城市,120.157684,33.349613
320981,东台市,120.315565,32.869636
321000,扬州市,119.407354,32.396284
321081,仪征市,119.179100,32.274827
321084,高邮市,119.453497,32.783428
321100,镇江市,119.418994,32.190018
321181,丹阳市,119.601142,32.012232
321182,扬中市,119.791831,32.238567
321183,句容市,119.163321,31.947637
321200,泰州市,119.918147,32.458915
321281,兴化市,119.847668,32.913941
321282,靖江市,120.272507,31.985233
321283,泰兴市,120.046511,32.174974
321300,宿迁市,118.269722,33.964533
330100,杭州市,120.205366,30.248993
330182,建德市,119.276145,29.477522
330200,宁波市,121.620438,29.862877
330281,余姚市,121.150114,30.040290
330282,慈溪市,121.262179,30.173135
330300,温州市,120.695221,27.997131
330381,瑞安市,120.651288,27.782297
330382,乐清市,120.982210,28.115809
330383,龙港市,120.549003,27.581710
330400,嘉兴市,120.751304,30.749114
330481,海宁市,120.676009,30.514014
330482,平湖市,121.011225,30.680087
330483,桐乡市,120.560974,30.632893
330500,湖州市,120.082010,30.896222
330600,绍兴市,120.578806,30.054186
330681,诸暨市,120.242169,29.711884
330683,嵊州市,120.826391,29.564137
330700,金华市,119.642560,29.082171
330781,兰溪市,119.455311,29.211686
330782,义乌市,120.070942,29.308784
330783,东阳市,120.237386,29.292827
330784,永康市,120.042680,28.891846
330800,衢州市,118.854512,28.973314
330881,江山市,118.622481,28.741240
330900,舟山市,122.203237,29.987981
331000,台州市,121.416362,28.658667
331081,温岭市,121.381027,28.375862
331082,临海市,121.140244,28.861893
331083,玉环市,121.227732,28.139945
331100,丽水市,119.918844,28.471099
331181,龙泉市,119.136173,28.078034
340100,合肥市,117.221785,31.822566
340181,巢湖市,117.885003,31.626625
340200,芜湖市,118.427684,31.354466
340281,无为市,117.897069,31.306688
340300,蚌埠市,117.382719,32.918526
340400,淮南市,117.013103,32.587392
340500,马鞍山市,118.501671,31.670757
340600,淮北市,116.792965,33.957691
340700,铜陵市,117.805956,30.947507
340800,安庆市,117.109842,30.534093
340881,桐城市,116.931525,31.037824
340882,潜山市,116.576366,30.633615
341000,黄山市,118.332438,29.717284
341100,滁州市,118.328012,32.257877
341181,天长市,118.999511,32.669395
341182,明光市,118.012636,32.783836
341200,阜阳市,115.808881,32.893030
341282,界首市,115.368902,33.259314
341300,宿州市,116.958806,33.649290
341500,六安市,116.514647,31.737958
341600,亳州市,115.773048,33.847728
341700,池州市,117.490209,30.676633
341800,宣城市,118.754004,30.941499
341881,宁国市,118.978022,30.636461
341882,广德市,119.415470,30.879677
350100,福州市,119.291611,26.077388
350181,福清市,119.379476,25.722812
350200,厦门市,118.083933,24.482274
350300,莆田市,119.002928,25.456984
350400,三明市,117.634019,26.266880
350481,永安市,117.359843,25.944583
350500,泉州市,118.671177,24.877360
350581,石狮市,118.643463,24.734943
350582,晋江市,118.547166,24.784606
350583,南安市,118.381040,24.962688
350600,漳州市,117.642511,24.518276
350700,南平市,118.076129,27.385883
350781,邵武市,117.487596,27.343897
350782,武夷山市,118.030161,27.759553
350783,建瓯市,118.299784,27.026501
350800,龙岩市,117.012487,25.078642
350881,漳平市,117.414635,25.293099
350900,宁德市,119.543146,26.669717
350981,福安市,119.643321,27.091698
350982,福鼎市,120.212265,27.327995
360100,南昌市,115.853071,28.686306
360200,景德镇市,117.179586,29.277051
360281,乐平市,117.146163,28.981340
360300,萍乡市,113.881909,27.662172
360400,九江市,115.948599,29.663841
360481,瑞昌市,115.676093,29.678657
360482,共青城市,115.779151,29.237871
360483,庐山市,116.039927,29.450733
360500,新余市,114.911819,27.822011
360600,鹰潭市,117.034336,28.275282
360681,贵溪市,117.240006,28.295694
360700,赣州市,114.928769,25.834323
360781,瑞金市,116.022241,25.889197
360783,龙南市,114.799704,24.904120
360800,吉安市,114.961914,27.094676
360881,井冈山市,114.284445,26.751523
360900,宜春市,114.411521,27.819348
360981,丰城市,115.766079,28.163377
360982,樟树市,115.541199,28.058066
360983,高安市,115.361519,28.451186
361000,抚州市,116.353049,27.952113
361100,上饶市,117.938085,28.458537
361181,德兴市,117.589472,28.933726
370100,济南市,117.114000,36.651639
370200,青岛市,120.377532,36.066662
370281,胶州市,120.028047,36.264443
370283,平度市,119.964971,36.753604
370285,莱西市,120.512713,36.888736
370300,淄博市,118.048913,36.813262
370400,枣庄市,117.317849,34.811652
370481,滕州市,117.159984,35.114563
370500,东营市,118.668966,37.433314
370600,烟台市,121.442548,37.463580
370681,龙口市,120.471021,37.644371
370682,莱阳市,120.706690,36.979231
370683,莱州市,119.936842,37.177665
370685,招远市,120.428681,37.353581
370686,栖霞市,120.844824,37.335353
370687,海阳市,121.168466,36.687867
370700,潍坊市,119.155839,36.707224
370781,青州市,118.473848,36.684815
370782,诸城市,119.407135,36.009023
370783,寿光市,118.785381,36.856737
370784,安丘市,119.213182,36.479419
370785,高密市,119.800470,36.365541
370786,昌邑市,119.397226,36.842643
370800,济宁市,116.581825,35.415565
370881,曲阜市,116.980547,35.582114
370883,邹城市,117.001669,35.402782
370900,泰安市,117.080896,36.201534
370982,新泰市,117.762149,35.909525
370983,肥城市,116.763446,36.181926
371000,威海市,122.115462,37.512283
371082,荣成市,122.482216,37.164944
371083,乳山市,121.534729,36.919914
371100,日照市,119.521422,35.417200
371300,临沂市,118.350710,35.104164
371400,德州市,116.353340,37.435623
371481,乐陵市,117.225983,37.728991
371482,禹城市,116.633058,36.933912
371500,聊城市,115.979558,36.455770
371581,临清市,115.699129,36.837965
371600,滨州市,117.964828,37.382037
371681,邹平市,117.737088,36.862985
371700,菏泽市,115.473795,35.234701
410100,郑州市,113.619304,34.747486
410181,巩义市,113.016016,34.749163
410182,荥阳市,113.376848,34.787399
410183,新密市,113.384416,34.541233
410184,新郑市,113.734090,34.397768
410185,登封市,113.044161,34.456006
410200,开封市,114.308423,34.798963
410300,洛阳市,112.447644,34.620728
410400,平顶山市,113.186326,33.767990
410481,舞钢市,113.510341,33.315876
410482,汝州市,112.838712,34.168697
410500,安阳市,114.386390,36.098605
410581,林州市,113.813089,36.084228
410600,鹤壁市,114.291376,35.748398
410700,新乡市,113.920885,35.304174
410781,卫辉市,114.058374,35.398523
410782,辉县市,113.799563,35.463297
410783,长垣市,114.663282,35.202229
410800,焦作市,113.235537,35.216238
410882,沁阳市,112.944765,35.088357
410883,孟州市,112.785215,34.908119
410900,濮阳市,115.023356,35.762735
411000,许昌市,113.846131,34.038877
411081,禹州市,113.482437,34.143806
411082,长葛市,113.807971,34.196901
411100,漯河市,114.010675,33.581868
411200,三门峡市,111.194488,34.774183
411281,义马市,111.868743,34.748776
411282,灵宝市,110.888819,34.519178
411300,南阳市,112.579017,33.018182
411381,邓州市,112.081285,32.689653
411400,商丘市,115.650849,34.416531
411481,永城市,116.444354,33.931190
411500,信阳市,114.085171,32.150569
411600,周口市,114.695739,33.636199
411681,项城市,114.869804,33.467352
411700,驻马店市,114.016105,33.015849
419001,济源市,112.596410,35.069924
420100,武汉市,114.299125,30.595765
420200,黄石市,115.033610,30.203503
420281,大冶市,114.975284,30.098855
420300,十堰市,110.793602,32.631248
420381,丹江口市,111.507439,32.542492
420500,宜昌市,111.281301,30.694608
420581,宜都市,111.444269,30.380873
420582,当阳市,111.782573,30.823309
420583,枝江市,111.754835,30.428309
420600,襄阳市,112.115661,32.012117
420682,老河口市,111.677993,32.361327
420683,枣阳市,112.766823,32.131123
420684,宜城市,112.250656,31.722348
420700,鄂州市,114.889868,30.394157
420800,荆门市,112.193181,31.037659
420881,钟祥市,112.583235,31.169371
420882,京山市,113.113438,31.020494
420900,孝感市,113.951438,30.920732
420981,应城市,113.566163,30.931064
420982,安陆市,113.683154,31.257836
420984,汉川市,113.832471,30.675767
421000,荆州市,112.235720,30.338839
421081,石首市,112.419541,29.723361
421083,洪湖市,113.470075,29.829747
421087,松滋市,111.750695,30.177296
421088,监利市,112.899098,29.842983
421100,黄冈市,114.867363,30.456388
421181,麻城市,115.002643,31.175036
421182,武穴市,115.590408,29.872317
421200,咸宁市,114.317194,29.843815
421281,赤壁市,113.894997,29.727876
421300,随州市,113.376107,31.692149
421381,广水市,113.820260,31.619147
422801,恩施市,109.474675,30.297690
422802,利川市,108.932112,30.293744
429004,仙桃市,113.436924,30.330802
429005,潜江市,112.894697,30.404677
429006,天门市,113.160526,30.666051
430100,长沙市,112.933432,28.231811
430181,浏阳市,113.637815,28.167354
430182,宁乡市,112.546513,28.281203
430200,株洲市,113.126953,27.832002
430281,醴陵市,113.491469,27.648966
430300,湘潭市,112.940005,27.834807
430381,湘乡市,112.544934,27.722082
430382,韶山市,112.519950,27.918193
430400,衡阳市,112.566781,26.897801
430481,耒阳市,112.854514,26.425693
430482,常宁市,112.394308,26.424930
430500,邵阳市,111.462292,27.242773
430581,武冈市,110.627678,26.731036
430582,邵东市,111.738744,27.263142
430600,岳阳市,113.122958,29.359036
430681,汨罗市,113.061199,28.809909
430682,临湘市,113.444506,29.479206
430700,常德市,111.693439,29.034470
430781,津市市,111.872448,29.609309
430800,张家界市,110.473944,29.120207
430900,益阳市,112.350283,28.558001
430981,沅江市,112.348925,28.848729
431000,郴州市,113.010007,25.773073
431081,资兴市,113.230312,25.980358
431100,永州市,111.608236,26.423447
431181,祁阳市,111.834912,26.583851
431200,怀化市,109.996908,27.573121
431281,洪江市,109.831935,27.212859
431300,娄底市,111.988951,27.703151
431381,冷水江市,111.453583,27.659202
431382,涟源市,111.658409,27.697223
433101,吉首市,109.693672,28.265386
440100,广州市,113.259169,23.132737
440200,韶关市,113.592134,24.814038
440281,乐昌市,113.342058,25.132600
440282,南雄市,114.306813,25.120420
440300,深圳市,114.052825,22.546244
440400,珠海市,113.571853,22.274660
440500,汕头市,116.677488,23.356809
440600,佛山市,113.116103,23.023904
440700,江门市,113.076099,22.581639
440781,台山市,112.788698,22.254821
440783,开平市,112.693029,22.380294
440784,鹤山市,112.959078,22.768844
440785,恩平市,112.299749,22.186512
440800,湛江市,110.353045,21.272493
440881,廉江市,110.281744,21.612553
440882,雷州市,110.092527,20.916904
440883,吴川市,110.774811,21.443324
440900,茂名市,110.921021,21.665504
440981,高州市,110.849519,21.922510
440982,化州市,110.635261,21.667239
440983,信宜市,110.942262,22.357906
441200,肇庆市,112.459990,23.050368
441284,四会市,112.729109,23.329615
441300,惠州市,114.410619,23.114865
441400,梅州市,116.117220,24.291459
441481,兴宁市,115.726357,24.140050
441500,汕尾市,115.370615,22.789838
441581,陆丰市,115.647556,22.921623
441600,河源市,114.695515,23.746927
441700,阳江市,111.978351,21.859580
441781,阳春市,111.786448,22.173260
441800,清远市,113.050616,23.684524
441881,英德市,113.396226,24.209769
441882,连州市,112.371802,24.783590
441900,东莞市,113.746691,23.023738
442000,中山市,113.387035,22.519713
445100,潮州市,116.617537,23.660409
445200,揭阳市,116.368023,23.553365
445281,普宁市,116.160974,23.300236
445300,云浮市,112.039203,22.917821
445381,罗定市,111.564783,22.771352
450100,南宁市,108.362336,22.820386
450181,横州市,109.258197,22.684134
450200,柳州市,109.423471,24.329142
450300,桂林市,110.175128,25.238400
450381,荔浦市,110.390500,24.491146
450400,梧州市,111.273914,23.479325
450481,岑溪市,110.990141,22.921129
450500,北海市,109.115955,21.483693
450600,防城港市,108.350675,21.689218
450681,东兴市,107.967991,21.550489
450700,钦州市,108.650598,21.983779
450800,贵港市,109.594712,23.114721
450881,桂平市,110.074700,23.396657
450900,玉林市,110.176503,22.656803
450981,北流市,110.349199,22.711140
451000,百色市,106.615278,23.905974
451081,靖西市,106.413997,23.136927
451082,平果市,107.585887,23.332658
451100,贺州市,111.562103,24.407219
451200,河池市,108.632541,24.488301
451300,来宾市,109.216941,23.752744
451381,合山市,108.881932,23.809885
451400,崇左市,107.360817,22.379888
451481,凭祥市,106.763113,22.097249
460100,海口市,110.195870,20.048432
460200,三亚市,109.507624,18.254570
460300,三沙市,112.333737,16.832635
460400,儋州市,109.576802,19.522922
469001,五指山市,109.512689,18.776623
469002,琼海市,110.470175,19.260759
469005,文昌市,110.793037,19.546074
469006,万宁市,110.388194,18.795255
469007,东方市,108.648212,19.097044
500000,重庆市,106.548070,29.565529
510100,成都市,104.063796,30.575416
510181,都江堰市,103.645113,30.991315
510182,彭州市,103.955529,30.992988
510183,邛崃市,103.461917,30.412858
510184,崇州市,103.670897,30.632876
510185,简阳市,104.545254,30.413723
510300,自贡市,104.776611,29.342100
510400,攀枝花市,101.727533,26.562199
510500,泸州市,105.438274,28.874018
510600,德阳市,104.395113,31.129590
510681,广汉市,104.279780,30.979656
510682,什邡市,104.164859,31.128776
510683,绵竹市,104.218267,31.341470
510700,绵阳市,104.676510,31.469949
510781,江油市,104.742844,31.780769
510800,广元市,105.840300,32.438175
510900,遂宁市,105.589193,30.535474
510981,射洪市,105.384670,30.873354
511000,内江市,105.054766,29.582787
511083,隆昌市,105.284175,29.342220
511100,乐山市,103.763876,29.555032
511181,峨眉山市,103.482385,29.603882
511300,南充市,106.106546,30.839517
511381,阆中市,106.001195,31.560505
511400,眉山市,103.846315,30.079934
511500,宜宾市,104.640444,28.755782
511600,广安市,106.628857,30.459131
511681,华蓥市,106.779101,30.393087
511700,达州市,107.463124,31.211424
511781,万源市,108.029735,32.083810
511800,雅安市,103.039561,30.012582
511900,巴中市,106.743403,31.870034
512000,资阳市,104.624862,30.132084
513201,马尔康市,102.204712,31.908023
513301,康定市,101.955366,30.001377
513401,西昌市,102.262673,27.897846
513402,会理市,102.243319,26.658597
520100,贵阳市,106.624636,26.650366
520181,清镇市,106.469376,26.576399
520200,六盘水市,104.827819,26.596158
520281,盘州市,104.469177,25.712849
520300,遵义市,107.027727,27.725197
520381,赤水市,105.693988,28.593883
520382,仁怀市,106.397408,27.795073
520400,安顺市,105.944234,26.256633
520500,毕节市,105.288307,27.286984
520581,黔西市,106.028597,27.012049
520600,铜仁市,109.184949,27.734827
522301,兴义市,104.893048,25.095068
522302,兴仁市,105.183053,25.437959
522601,凯里市,107.977278,26.569738
522701,都匀市,107.514453,26.262888
522702,福泉市,107.516176,26.690329
530100,昆明市,102.832254,24.884561
530181,安宁市,102.477185,24.922732
530300,曲靖市,103.794265,25.493868
530381,宣威市,104.101902,26.222161
530400,玉溪市,102.525371,24.349800
530481,澄江市,102.902816,24.678701
530500,保山市,99.160570,25.114875
530581,腾冲市,98.489922,25.023239
530600,昭通市,103.714985,27.341610
530681,水富市,104.413391,28.633127
530700,丽江市,100.224803,26.858710
530800,普洱市,100.964836,22.828222
530900,临沧市,100.087585,23.886762
532301,楚雄市,101.544821,25.036029
532302,禄丰市,102.077436,25.153826
532501,个旧市,103.150822,23.392486
532502,开远市,103.265116,23.717206
532503,蒙自市,103.362930,23.398632
532504,弥勒市,103.412723,24.414539
532601,文山市,104.231148,23.389499
532801,景洪市,100.798474,22.014657
532901,大理市,100.300467,25.681494
533102,瑞丽市,97.855250,24.021364
533103,芒市,98.587937,24.436939
533301,泸水市,98.857332,25.825900
533401,香格里拉市,99.742438,27.845645
540100,拉萨市,91.170456,29.656280
540200,日喀则市,88.878388,29.270103
540300,昌都市,97.169886,31.145201
540400,林芝市,94.360271,29.651440
540481,米林市,94.211992,29.219004
540500,山南市,91.770212,29.240804
540581,错那市,91.956184,27.994814
540600,那曲市,92.050230,31.480143
610100,西安市,108.934990,34.344762
610200,铜川市,108.940400,34.898217
610300,宝鸡市,107.232990,34.364281
610400,咸阳市,108.704164,34.331338
610481,兴平市,108.485819,34.300600
610482,彬州市,108.076915,35.036326
610500,渭南市,109.465692,34.521832
610581,韩城市,110.437382,35.477330
610582,华阴市,110.086831,34.567606
610600,延安市,109.489287,36.649990
610681,子长市,109.669928,37.142109
610700,汉中市,107.018669,33.068261
610800,榆林市,109.728521,38.285242
610881,神木市,110.460998,38.898942
610900,安康市,109.024152,32.687506
610981,旬阳市,109.356624,32.834132
611000,商洛市,109.913689,33.875061
620100,兰州市,103.831825,36.061125
620200,嘉峪关市,98.287602,39.772419
620300,金昌市,102.185983,38.521030
620400,白银市,104.136055,36.545032
620500,天水市,105.720891,34.582832
620600,武威市,102.636105,37.928694
620700,张掖市,100.448156,38.924128
620800,平凉市,106.660690,35.542884
620881,华亭市,106.624796,35.208505
620900,酒泉市,98.493686,39.732593
620981,玉门市,97.044889,40.291405
620982,敦煌市,94.660966,40.141514
621000,庆阳市,107.638690,35.709855
621100,定西市,104.589722,35.608491
621200,陇南市,104.957290,33.372079
622901,临夏市,103.239986,35.605066
623001,合作市,102.908583,35.001348
630100,西宁市,101.756293,36.676061
630200,海东市,102.408621,36.473392
632301,同仁市,102.016767,35.516176
632701,玉树市,97.008742,32.995073
632801,格尔木市,94.927382,36.407737
632802,德令哈市,97.360742,37.369400
632803,茫崖市,90.855008,38.247548
640100,银川市,106.226578,38.487323
640181,灵武市,106.335439,38.101862
640200,石嘴山市,106.378081,38.983790
640300,吴忠市,106.194214,37.997212
640381,青铜峡市,106.074521,38.020913
640400,固原市,106.238475,36.016464
640500,中卫市,105.193002,37.499631
650100,乌鲁木齐市,87.613974,43.824171
650200,克拉玛依市,84.886835,45.576908
650400,吐鲁番市,89.247504,42.971237
650500,哈密市,93.513455,42.817833
652301,昌吉市,87.264414,44.013206
652302,阜康市,87.950989,44.163471
652701,博乐市,82.048186,44.852893
652702,阿拉山口市,82.551800,45.172500
652801,库尔勒市,86.172061,41.724441
652901,阿克苏市,80.261217,41.166568
652902,库车市,82.995546,41.717793
653001,阿图什市,76.081357,39.667234
653101,喀什市,75.990967,39.467991
653201,和田市,79.910969,37.112594
654002,伊宁市,81.274799,43.906837
654003,奎屯市,84.900860,44.425666
654004,霍尔果斯市,80.412094,44.217248
654201,塔城市,82.983727,46.750937
654202,乌苏市,84.711222,44.417748
654203,沙湾市,85.616977,44.325411
654301,阿勒泰市,88.128466,47.825987
659001,石河子市,86.077557,44.304137
659002,阿拉尔市,81.277747,40.546640
659003,图木舒克市,79.072556,39.867219
659004,五家渠市,87.539905,44.165440
659005,北屯市,87.831320,47.325679
659006,铁门关市,85.667791,41.861745
659007,双河市,82.350469,44.839525
659008,可克达拉市,80.991530,43.939257
659009,昆玉市,79.268003,37.215483
659010,胡杨河市,84.825117,44.692069
659011,新星市,93.746689,42.795486
659012,白杨市,82.893994,46.727383
659013,草湖市,79.133333,39.916667
